there,5,"4,348.120",99.610
right,5,"4,008.390",99.190
about,5,"3,631.490",99.200
think,5,"2,691.390",98.960
going,5,"2,123.290",98.210
gonna,5,"1,996.160",83.700
where,5,"1,830.220",98.470
would,5,"1,767.880",98.570
could,5,"1,629.590",98.150
never,5,"1,362.550",97.260
sorry,5,"1,167.960",94.460
thank,5,"1,115.240",92.870
thing,5,"1,088.670",96.070
doing,5,"1,029.250",94.830
maybe,5,926.450,92.240
these,5,904.000,93.590
night,5,866.040,87.990
first,5,840.570,93.720
great,5,820.860,88.960
again,5,792.710,93.610
still,5,788.730,93.120
those,5,753.020,91.940
other,5,735.390,92.250
after,5,682.590,91.140
their,5,655.160,85.720
money,5,640.760,67.320
place,5,602.670,86.780
hello,5,585.430,76.360
years,5,568.690,82.930
leave,5,560.710,85.660
every,5,549.160,85.940
three,5,542.240,82.650
wrong,5,523.100,86.370
might,5,516.350,84.900
house,5,514.000,72.010
gotta,5,506.900,62.240
wanna,5,505.800,54.970
being,5,485.900,84.440
which,5,477.240,79.320
world,5,455.220,73.840
guess,5,453.980,79.800
woman,5,434.630,70.640
today,5,433.800,78.330
found,5,396.000,76.110
ready,5,387.800,76.280
heard,5,387.750,77.850
whole,5,385.490,76.680
haven,5,369.490,76.550
while,5,349.430,78.030
start,5,340.100,75.460
happy,5,333.200,65.940
watch,5,330.020,70.120
bring,5,327.160,73.200
since,5,314.980,74.930
looks,5,311.490,72.220
cause,5,310.040,58.970
alone,5,308.530,70.580
wants,5,306.960,71.960
stuff,5,306.920,64.720
until,5,302.470,73.070
honey,5,300.490,49.890
later,5,291.940,70.950
worry,5,287.020,68.280
check,5,278.980,63.100
crazy,5,272.270,60.070
phone,5,269.730,53.670
under,5,261.920,66.480
drink,5,247.390,51.900
knows,5,244.940,65.320
heart,5,244.180,54.630
young,5,243.180,55.850
makes,5,241.100,67.260
hands,5,236.530,60.280
point,5,236.530,62.020
party,5,233.140,44.400
comes,5,228.550,63.230
sleep,5,227.940,55.570
stand,5,226.200,58.620
water,5,225.060,49.200
break,5,221.080,59.880
story,5,220.780,50.850
times,5,220.020,61.640
close,5,219.430,61.770
means,5,218.350,62.590
funny,5,218.180,55.540
death,5,216.690,51.000
asked,5,216.250,60.820
hours,5,214.880,57.930
girls,5,208.350,43.340
least,5,207.760,64.450
yours,5,204.730,60.430
quite,5,202.590,51.110
fight,5,201.080,44.150
ahead,5,198.330,56.340
women,5,195.650,45.620
truth,5,192.180,49.990
speak,5,187.180,51.130
tried,5,186.840,58.020
blood,5,186.120,42.040
shall,5,185.120,36.490
daddy,5,185.080,31.530
along,5,182.940,51.430
front,5,181.550,54.710
trust,5,178.180,50.570
hurry,5,173.650,43.370
clear,5,171.820,49.880
white,5,171.450,40.000
bitch,5,168.800,33.970
black,5,167.940,38.030
seems,5,167.550,54.330
light,5,165.200,46.780
shoot,5,164.940,38.910
Jesus,5,161.180,27.100
needs,5,160.750,52.340
frank,5,159.390,15.530
child,5,157.650,36.560
order,5,156.570,45.600
alive,5,154.470,44.530
drive,5,153.140,44.280
music,5,151.650,32.180
power,5,149.020,35.530
dance,5,148.040,29.390
touch,5,147.730,47.690
sweet,5,145.200,42.660
lucky,5,143.450,46.190
sound,5,143.390,48.510
lives,5,139.690,48.020
taken,5,138.650,48.010
catch,5,135.510,44.890
dream,5,133.290,33.490
sense,5,131.800,45.770
weeks,5,130.140,41.420
throw,5,128.820,43.800
write,5,126.800,35.070
small,5,124.960,42.120
human,5,124.760,34.940
piece,5,124.490,41.850
uncle,5,124.060,22.230
known,5,123.530,44.490
movie,5,122.960,25.050
words,5,122.020,39.520
clean,5,121.240,41.190
learn,5,118.570,40.700
takes,5,117.370,43.180
class,5,117.350,29.150
quiet,5,117.220,37.370
tired,5,112.650,37.530
loved,5,110.330,35.250
worth,5,109.200,39.350
quick,5,108.670,36.920
early,5,108.040,39.150
state,5,107.840,31.820
table,5,105.630,34.440
works,5,105.040,40.610
broke,5,105.000,37.540
major,5,104.760,20.980
seven,5,104.450,33.140
mouth,5,104.410,36.030
marry,5,104.350,24.390
meant,5,104.240,39.910
fault,5,104.120,36.970
lunch,5,104.120,31.440
paper,5,103.350,31.310
hotel,5,103.220,24.090
buddy,5,102.880,27.670
agent,5,102.650,16.680
David,5,101.880,11.330
weird,5,101.100,30.960
court,5,100.730,21.920
floor,5,100.630,32.570
earth,5,99.490,27.890
eight,5,98.240,31.970
worse,5,98.080,38.770
stick,5,97.120,35.710
relax,5,96.780,33.460
honor,5,96.310,22.500
smart,5,96.250,33.300
plane,5,95.530,20.160
month,5,95.180,34.510
given,5,95.120,36.610
train,5,95.060,20.980
cover,5,94.270,33.170
spend,5,93.270,36.130
horse,5,92.880,18.800
tough,5,90.510,32.740
Peter,5,90.120,9.360
count,5,89.960,31.650
miles,5,88.240,24.610
swear,5,88.160,30.770
lying,5,87.690,32.580
dress,5,87.200,26.060
voice,5,86.160,28.560
short,5,85.630,33.660
proud,5,83.630,31.250
smell,5,83.140,28.560
enjoy,5,82.780,33.010
harry,5,82.220,7.670
store,5,81.920,25.570
Danny,5,81.330,5.290
ought,5,80.750,25.150
calls,5,80.330,31.430
Jimmy,5,80.220,8.620
judge,5,79.670,19.330
liked,5,78.760,30.070
angel,5,78.270,13.260
chief,5,77.900,16.380
radio,5,77.180,19.360
brain,5,77.020,23.770
drunk,5,76.550,24.030
Henry,5,76.550,8.740
likes,5,76.250,30.530
folks,5,76.040,23.300
offer,5,74.710,28.270
scene,5,74.650,21.110
third,5,74.530,28.030
upset,5,74.510,28.060
shoes,5,74.160,24.070
group,5,73.760,25.000
truck,5,72.860,18.540
teach,5,72.840,25.630
green,5,72.470,22.750
loves,5,72.450,27.400
crime,5,71.240,21.240
wrote,5,71.160,24.090
mommy,5,70.920,15.840
favor,5,70.760,28.250
force,5,70.670,23.660
prove,5,70.390,26.960
field,5,70.200,22.880
spent,5,70.080,30.150
feels,5,69.980,29.420
named,5,69.880,28.120
saved,5,69.760,27.890
peace,5,69.610,22.260
Bobby,5,69.550,6.890
share,5,69.510,27.970
Steve,5,69.410,6.820
moved,5,69.330,28.540
Paris,5,69.240,10.710
Billy,5,69.120,8.190
using,5,69.020,29.960
books,5,67.760,21.260
rules,5,67.410,23.030
dying,5,66.980,24.850
stuck,5,66.650,27.560
round,5,66.530,22.590
dirty,5,66.450,24.560
idiot,5,66.220,25.600
space,5,66.060,19.960
lived,5,66.040,26.570
carry,5,65.900,26.000
James,5,65.840,11.330
smoke,5,65.430,22.450
knock,5,64.690,24.890
agree,5,64.670,26.990
gives,5,64.510,28.230
south,5,64.470,20.180
board,5,64.160,20.050
north,5,63.880,19.270
awful,5,63.410,24.940
grand,5,63.020,19.240
laugh,5,62.860,23.030
doubt,5,62.840,25.810
twice,5,62.570,27.270
whose,5,62.490,27.090
OUTTA,5,62.450,14.380
Jerry,5,62.220,6.800
fired,5,61.940,19.380
glass,5,60.710,21.950
press,5,60.200,20.060
brown,5,60.120,15.380
admit,5,59.200,25.330
extra,5,59.160,24.680
angry,5,58.980,22.220
bunch,5,58.880,25.100
blame,5,58.780,25.100
pants,5,58.750,21.100
visit,5,58.690,24.930
clock,5,58.630,19.540
guard,5,58.200,18.710
smile,5,58.000,21.160
often,5,57.350,24.050
silly,5,57.100,22.000
begin,5,56.980,24.000
reach,5,56.920,23.760
beach,5,56.630,15.390
Larry,5,56.630,5.670
Kelly,5,56.390,5.530
worst,5,56.350,24.880
plans,5,56.220,22.450
bucks,5,56.200,19.030
track,5,55.750,21.130
river,5,55.470,14.440
raise,5,55.200,22.320
cross,5,55.040,20.270
queen,5,54.690,14.160
fresh,5,54.510,23.280
names,5,53.840,21.380
price,5,53.370,19.600
steal,5,53.330,21.230
waste,5,53.250,23.370
stole,5,53.160,20.330
magic,5,52.690,14.580
keeps,5,52.570,24.330
tells,5,52.250,23.620
treat,5,51.880,21.880
level,5,51.630,18.960
taste,5,51.310,21.760
tight,5,50.920,21.610
turns,5,50.040,22.630
Roger,5,49.800,8.110
final,5,49.670,20.410
match,5,49.430,18.560
trial,5,49.370,11.440
chair,5,49.240,18.510
study,5,49.040,16.920
above,5,48.880,21.200
cream,5,48.710,16.030
enemy,5,48.510,14.650
drugs,5,48.310,14.450
Tommy,5,48.220,5.520
build,5,48.080,18.380
cards,5,48.020,16.130
teeth,5,47.840,19.380
coach,5,47.630,7.140
heavy,5,47.290,20.120
trick,5,47.270,18.190
empty,5,47.240,21.030
apart,5,47.020,21.710
knife,5,46.800,14.960
Santa,5,46.690,7.640
shirt,5,46.370,16.690
faith,5,46.330,14.540
stars,5,46.140,15.520
blind,5,45.820,16.130
stage,5,45.570,14.020
sight,5,45.310,19.990
nurse,5,44.980,13.100
games,5,44.840,17.180
allow,5,44.370,19.790
Madam,5,44.000,8.040
Sarah,5,43.140,4.670
heads,5,42.690,18.590
kinda,5,42.410,14.370
grace,5,42.290,8.920
older,5,41.860,17.910
loose,5,41.780,17.980
local,5,41.730,17.860
shame,5,41.570,18.110
shows,5,41.510,19.130
large,5,41.450,17.640
devil,5,41.330,13.970
video,5,41.270,12.970
speed,5,41.250,15.020
built,5,41.160,17.240
chest,5,40.980,14.030
threw,5,40.820,18.500
stone,5,40.630,11.180
block,5,40.530,15.710
Vegas,5,40.270,7.010
balls,5,40.160,13.600
guest,5,39.940,16.460
cares,5,39.670,18.540
shake,5,39.630,15.450
color,5,39.430,16.290
naked,5,39.250,14.510
merry,5,39.100,5.570
ideas,5,38.960,16.110
spoke,5,38.630,17.940
lines,5,38.430,16.070
split,5,38.310,16.760
serve,5,37.940,16.230
sugar,5,37.760,13.660
Helen,5,37.710,4.410
total,5,37.650,16.800
screw,5,37.490,15.980
hurts,5,37.390,16.430
rough,5,37.390,17.270
crowd,5,37.370,14.660
usual,5,37.240,17.580
paint,5,36.800,12.220
freak,5,36.750,14.280
spell,5,36.650,10.540
ghost,5,36.590,9.110
smith,5,36.390,5.780
cheap,5,36.240,15.550
Susan,5,35.980,4.400
truly,5,35.880,16.000
candy,5,35.780,10.750
legal,5,35.710,14.310
Scott,5,35.710,4.520
aware,5,35.650,16.170
Jason,5,35.610,3.650
Brian,5,35.550,4.700
radar,5,35.510,5.630
slept,5,35.490,15.020
trade,5,35.200,13.420
bless,5,35.060,13.290
noise,5,34.880,14.930
fancy,5,34.840,14.700
Annie,5,34.690,2.780
doors,5,34.410,14.070
proof,5,34.390,13.250
issue,5,34.140,14.160
among,5,33.900,15.180
crane,5,33.610,3.790
scare,5,33.570,15.030
pizza,5,33.510,10.030
toast,5,33.470,13.160
fella,5,33.430,11.090
hired,5,33.000,13.640
crack,5,32.840,14.210
chase,5,32.800,11.250
grant,5,32.550,8.420
began,5,32.510,13.050
fixed,5,32.290,14.350
model,5,32.060,11.710
staff,5,32.000,11.770
brave,5,31.710,13.250
mayor,5,31.270,6.060
demon,5,31.240,4.580
Jones,5,30.960,5.330
storm,5,30.860,9.850
spare,5,30.840,14.140
trees,5,30.690,11.600
bones,5,30.610,9.640
piper,5,30.470,2.030
score,5,30.430,11.650
ocean,5,30.290,10.280
shape,5,30.240,14.180
style,5,30.080,13.190
rings,5,29.880,9.670
alarm,5,29.840,10.710
plays,5,29.820,11.840
enter,5,29.730,12.640
punch,5,29.690,11.240
ended,5,29.630,14.470
parts,5,29.430,12.670
focus,5,29.390,12.790
grade,5,29.270,11.840
finds,5,29.250,14.620
woods,5,29.060,8.820
exist,5,28.960,12.510
drove,5,28.860,13.130
shock,5,28.780,12.940
carol,5,28.730,4.120
crash,5,28.650,10.630
Laura,5,28.390,2.600
shots,5,28.370,11.340
bread,5,28.330,10.750
hated,5,28.220,12.470
cases,5,28.160,11.550
below,5,28.040,11.750
Texas,5,28.020,6.060
moves,5,27.840,12.720
lower,5,27.780,12.580
pride,5,27.670,11.160
witch,5,27.650,5.660
plant,5,27.610,9.910
birth,5,27.550,11.300
joint,5,27.550,10.710
Logan,5,27.530,2.300
Karen,5,27.390,3.080
facts,5,27.310,10.720
loser,5,27.080,10.920
giant,5,27.060,10.260
wheel,5,27.060,10.150
juice,5,26.880,9.900
faces,5,26.730,12.900
awake,5,26.710,12.110
kitty,5,26.710,4.330
coast,5,26.690,9.480
pilot,5,26.670,6.760
files,5,26.630,8.330
lover,5,26.630,10.560
based,5,26.610,12.160
wound,5,26.530,11.170
Alice,5,26.510,3.830
Sally,5,26.510,3.900
Linda,5,26.470,3.330
Marie,5,26.430,4.580
event,5,26.370,11.550
actor,5,26.330,6.840
grave,5,26.270,10.500
badly,5,26.200,12.580
scary,5,26.200,10.970
super,5,26.200,9.510
sword,5,26.180,5.510
chick,5,26.160,8.810
rooms,5,26.000,11.290
swing,5,25.980,10.220
Louis,5,25.900,4.710
birds,5,25.880,8.790
knees,5,25.880,11.280
stood,5,25.780,11.870
hates,5,25.750,11.780
pussy,5,25.670,6.500
plate,5,25.650,11.030
falls,5,25.510,10.380
stock,5,25.490,9.240
claim,5,25.390,10.560
mercy,5,25.310,9.360
Jesse,5,25.290,2.170
grown,5,25.000,12.410
robin,5,24.940,3.340
China,5,24.860,7.520
piano,5,24.860,7.120
Simon,5,24.860,2.560
pills,5,24.820,7.940
walls,5,24.730,10.590
steps,5,24.690,10.990
notes,5,24.610,9.370
beast,5,24.550,6.580
sucks,5,24.470,10.870
Betty,5,24.430,3.610
avoid,5,24.290,12.430
penny,5,24.290,7.120
thief,5,24.270,8.390
bride,5,24.220,7.610
dozen,5,24.140,11.930
Ellen,5,24.100,2.110
march,5,24.020,8.730
talks,5,23.840,11.770
sharp,5,23.780,10.860
aside,5,23.760,11.680
lousy,5,23.730,10.540
apple,5,23.670,8.210
pulse,5,23.530,6.320
couch,5,23.470,9.440
tests,5,23.470,9.260
sandy,5,23.250,3.390
owner,5,23.240,10.130
royal,5,23.240,6.030
burns,5,23.140,6.740
nerve,5,22.960,9.940
rocks,5,22.880,9.260
photo,5,22.840,9.230
tower,5,22.840,6.440
armed,5,22.820,9.620
shift,5,22.820,9.450
range,5,22.760,8.770
exact,5,22.630,11.300
image,5,22.630,9.750
Maria,5,22.630,3.170
nasty,5,22.570,10.690
trash,5,22.470,9.590
prize,5,22.390,8.760
snake,5,22.350,6.270
tears,5,22.350,9.740
terms,5,22.310,10.290
media,5,22.290,10.160
Donna,5,22.270,2.800
songs,5,22.200,7.330
flesh,5,22.060,9.440
signs,5,22.020,10.290
terry,5,22.020,2.590
kinds,5,21.980,11.110
marks,5,21.900,7.760
sweat,5,21.860,10.290
cents,5,21.840,8.010
panic,5,21.840,9.440
plain,5,21.820,9.920
stops,5,21.800,10.520
union,5,21.780,7.530
seats,5,21.760,9.380
cable,5,21.730,6.380
fruit,5,21.730,8.520
Lewis,5,21.610,3.770
cliff,5,21.570,4.540
value,5,21.510,10.280
bills,5,21.490,8.990
chuck,5,21.490,4.330
glory,5,21.490,7.580
squad,5,21.490,6.710
mixed,5,21.370,9.870
route,5,21.350,8.950
Bruce,5,21.330,2.900
Nancy,5,21.310,3.410
helps,5,21.250,10.790
chain,5,21.220,8.810
FALSE,5,21.140,9.850
whore,5,21.100,7.340
minds,5,21.020,10.260
swell,5,20.800,6.800
Wayne,5,20.780,3.020
April,5,20.650,5.020
shine,5,20.650,7.940
alert,5,20.610,7.840
Jenny,5,20.590,3.100
jokes,5,20.390,8.350
booth,5,20.370,5.000
units,5,20.240,7.110
bored,5,20.180,9.360
drama,5,20.160,5.720
hills,5,20.140,7.260
print,5,19.960,7.570
fever,5,19.940,6.800
kills,5,19.900,9.850
sport,5,19.900,7.930
Barry,5,19.860,3.240
shore,5,19.860,5.420
Clark,5,19.800,3.150
trunk,5,19.800,6.690
leads,5,19.780,9.740
purse,5,19.760,8.010
argue,5,19.750,9.700
climb,5,19.750,8.630
wings,5,19.670,7.570
cabin,5,19.650,5.470
ships,5,19.650,4.940
solid,5,19.570,9.310
solve,5,19.490,8.990
metal,5,19.450,7.900
anger,5,19.430,7.620
trace,5,19.390,8.330
gimme,5,19.250,6.500
fifth,5,19.200,8.920
trail,5,19.200,7.440
boots,5,19.160,7.130
stays,5,19.160,10.000
mouse,5,19.120,4.770
bravo,5,19.020,6.280
virus,5,18.900,3.150
fifty,5,18.820,7.630
cheer,5,18.690,8.740
chose,5,18.670,9.240
title,5,18.570,7.010
bunny,5,18.550,4.050
tiger,5,18.530,5.260
steel,5,18.450,6.500
bound,5,18.430,8.800
slave,5,18.430,5.940
cruel,5,18.350,8.230
walks,5,18.350,9.050
Bible,5,18.330,6.200
prime,5,18.290,6.510
socks,5,18.270,6.510
dates,5,18.250,7.840
curse,5,18.220,6.160
eaten,5,18.180,9.130
motel,5,18.180,5.590
Mitch,5,17.940,1.740
saint,5,17.920,6.010
Janet,5,17.900,1.850
guide,5,17.840,7.830
slide,5,17.820,6.780
Oscar,5,17.800,3.100
wagon,5,17.760,5.580
cheat,5,17.670,7.340
ranch,5,17.550,3.770
suits,5,17.550,8.430
alien,5,17.430,3.800
patch,5,17.410,6.210
DAVIS,5,17.370,3.560
Molly,5,17.290,1.810
Sonny,5,17.290,3.210
fully,5,17.250,8.810
opera,5,17.120,4.480
salad,5,17.020,6.990
BUNDY,5,17.020,2.190
sneak,5,16.880,8.790
youth,5,16.820,7.150
crush,5,16.800,7.450
grass,5,16.780,6.560
fairy,5,16.690,5.130
humor,5,16.650,8.050
suite,5,16.650,5.270
BENNY,5,16.650,1.970
opens,5,16.630,7.730
stake,5,16.610,7.940
shout,5,16.450,5.500
alley,5,16.290,6.700
hoped,5,16.270,8.460
chill,5,16.240,6.440
chips,5,16.240,6.350
steak,5,16.240,6.200
sides,5,16.220,8.150
blast,5,16.180,7.130
fence,5,16.060,6.580
poker,5,16.060,5.190
civil,5,15.940,6.810
Miami,5,15.920,4.120
banks,5,15.900,4.890
blown,5,15.900,8.070
teddy,5,15.900,3.110
dough,5,15.880,4.850
clown,5,15.820,5.320
rocky,5,15.820,2.770
tries,5,15.820,8.460
costs,5,15.780,7.870
forth,5,15.760,7.650
boxes,5,15.690,6.640
strip,5,15.690,7.110
pearl,5,15.670,3.620
daily,5,15.630,7.010
sauce,5,15.590,5.870
sighs,5,15.590,3.680
basic,5,15.570,7.320
belly,5,15.570,6.940
charm,5,15.570,7.120
blows,5,15.550,7.570
pitch,5,15.530,5.650
Japan,5,15.510,4.050
teams,5,15.490,5.310
wives,5,15.430,6.780
flash,5,15.350,6.890
Ralph,5,15.350,2.720
gross,5,15.270,7.180
holes,5,15.270,6.630
badge,5,15.250,5.520
champ,5,15.120,3.280
hopes,5,15.100,7.490
twins,5,15.100,5.650
beats,5,15.040,7.730
shark,5,14.980,3.080
angle,5,14.920,6.640
Dutch,5,14.920,2.900
guilt,5,14.900,6.840
yards,5,14.900,5.930
moron,5,14.780,6.890
souls,5,14.780,6.000
broad,5,14.730,6.280
films,5,14.710,4.140
skull,5,14.710,6.000
Aaron,5,14.650,1.930
noble,5,14.590,6.030
rifle,5,14.570,4.590
habit,5,14.470,7.440
beans,5,14.430,5.100
brief,5,14.350,7.130
gifts,5,14.350,5.950
adult,5,14.290,6.830
liver,5,14.290,5.100
bombs,5,14.270,4.540
holds,5,14.270,7.120
Diane,5,14.250,2.030
cared,5,14.180,7.560
roses,5,14.180,5.290
shown,5,14.180,7.630
brush,5,14.160,6.960
homes,5,14.160,6.430
towel,5,14.160,6.260
Wally,5,14.160,1.600
prick,5,14.120,5.770
frame,5,14.100,6.280
flies,5,14.060,6.650
thick,5,13.980,6.720
brand,5,13.960,5.950
theme,5,13.920,5.350
mason,5,13.900,1.930
Tyler,5,13.900,1.650
pound,5,13.880,5.880
Claus,5,13.860,2.840
Sammy,5,13.800,2.210
shave,5,13.760,5.930
drill,5,13.750,5.560
baker,5,13.690,3.150
crown,5,13.690,4.330
wreck,5,13.670,6.180
pages,5,13.630,5.940
tooth,5,13.570,4.780
Tokyo,5,13.530,3.580
daisy,5,13.510,2.120
moral,5,13.510,6.270
baron,5,13.470,1.550
steam,5,13.450,4.860
sheep,5,13.430,4.670
gates,5,13.410,4.110
penis,5,13.410,4.110
sarge,5,13.390,2.270
equal,5,13.370,6.380
fools,5,13.350,6.070
shell,5,13.220,4.800
shove,5,13.220,6.430
waves,5,13.220,4.940
stink,5,13.200,6.120
bells,5,13.160,4.570
motor,5,13.160,5.600
goose,5,13.040,4.480
howdy,5,13.020,4.390
limit,5,13.020,6.690
tapes,5,13.020,4.490
blade,5,13.000,4.670
cried,5,12.980,6.130
cigar,5,12.940,4.610
clerk,5,12.900,4.830
award,5,12.880,4.540
rusty,5,12.880,2.940
scout,5,12.880,4.900
drank,5,12.860,6.390
hatch,5,12.820,3.080
minor,5,12.820,6.330
wears,5,12.760,6.780
sales,5,12.710,5.330
lobby,5,12.690,5.400
Edgar,5,12.670,2.030
beard,5,12.610,4.760
twist,5,12.610,5.530
bingo,5,12.550,5.350
apply,5,12.510,6.260
Korea,5,12.490,3.660
diner,5,12.390,3.830
phase,5,12.330,4.880
goods,5,12.310,5.160
spike,5,12.250,2.210
DIEGO,5,12.250,2.900
handy,5,12.220,5.530
labor,5,12.180,4.910
robot,5,12.180,2.580
entry,5,12.160,5.350
brass,5,12.120,4.590
widow,5,12.100,4.510
upper,5,12.080,5.770
crawl,5,12.040,5.590
vault,5,12.040,2.830
lemon,5,12.020,4.100
loyal,5,12.000,5.570
cells,5,11.960,4.360
Allen,5,11.940,2.350
basis,5,11.940,6.010
bacon,5,11.860,4.760
thumb,5,11.820,4.820
boats,5,11.750,4.030
cloud,5,11.750,4.630
owned,5,11.750,5.930
dated,5,11.730,5.390
COHEN,5,11.730,1.440
mount,5,11.710,4.770
fries,5,11.690,4.920
Jacob,5,11.670,1.370
raped,5,11.630,3.650
spoil,5,11.630,5.980
sheet,5,11.610,5.530
medal,5,11.570,3.530
eagle,5,11.490,3.330
sends,5,11.470,6.280
BLAKE,5,11.470,1.840
puppy,5,11.450,4.570
bears,5,11.390,4.040
forms,5,11.370,5.080
safer,5,11.370,6.090
alike,5,11.350,5.750
asses,5,11.350,5.160
Greek,5,11.330,3.960
Diana,5,11.310,1.560
whale,5,11.250,2.750
creep,5,11.240,5.150
Randy,5,11.220,2.130
tools,5,11.120,4.780
patty,5,11.060,2.460
nails,5,11.040,5.150
delay,5,11.020,5.450
Latin,5,11.000,4.080
Spain,5,11.000,2.920
fetch,5,10.960,4.800
booze,5,10.940,5.040
Shawn,5,10.940,0.610
corps,5,10.880,3.180
lance,5,10.860,1.550
comic,5,10.820,3.600
grief,5,10.820,5.360
sixth,5,10.800,4.910
acted,5,10.750,5.670
beers,5,10.750,4.550
holly,5,10.750,1.870
Cathy,5,10.730,1.070
drawn,5,10.630,5.500
drown,5,10.590,5.230
fleet,5,10.590,2.590
lungs,5,10.590,4.470
forty,5,10.570,4.570
begun,5,10.550,5.500
Elvis,5,10.530,2.550
Roman,5,10.470,2.470
blond,5,10.450,4.450
clubs,5,10.410,4.700
nanny,5,10.410,2.180
rumor,5,10.410,4.600
spots,5,10.330,4.770
wrist,5,10.330,4.410
drops,5,10.290,5.220
abuse,5,10.250,4.880
blues,5,10.250,3.810
stiff,5,10.250,5.350
album,5,10.240,3.250
tense,5,10.240,4.600
brick,5,10.180,3.040
fried,5,10.160,4.800
bleed,5,10.100,4.740
glove,5,10.100,4.010
sober,5,10.100,4.480
vodka,5,10.100,3.970
novel,5,10.060,3.540
fraud,5,10.040,4.080
heels,5,10.000,4.790
skirt,5,9.960,4.590
stare,5,9.960,5.200
inner,5,9.940,4.550
tanks,5,9.920,3.000
Romeo,5,9.880,2.620
ashes,5,9.860,3.640
dummy,5,9.800,3.980
mummy,5,9.800,1.980
deals,5,9.780,5.150
roast,5,9.780,4.320
fires,5,9.760,4.390
taxes,5,9.750,4.170
blank,5,9.710,4.650
REESE,5,9.710,1.100
sworn,5,9.690,4.860
bench,5,9.670,4.080
added,5,9.650,5.130
spray,5,9.650,4.080
porch,5,9.630,4.010
tires,5,9.630,3.810
burnt,5,9.570,4.300
quote,5,9.570,4.720
sorts,5,9.570,5.040
niece,5,9.530,3.280
loses,5,9.510,5.140
scale,5,9.510,4.660
smack,5,9.510,4.420
sweep,5,9.510,4.540
grows,5,9.490,4.950
chart,5,9.470,4.040
wells,5,9.410,2.090
chaos,5,9.390,4.140
types,5,9.390,5.040
burke,5,9.390,1.540
flush,5,9.370,4.200
meets,5,9.310,4.880
amber,5,9.270,1.450
error,5,9.270,4.330
faint,5,9.270,4.600
gasps,5,9.220,2.350
hears,5,9.220,4.650
willy,5,9.220,1.560
ADAMS,5,9.220,2.000
bonus,5,9.200,4.010
stunt,5,9.200,3.470
picks,5,9.180,4.390
codes,5,9.160,3.220
fears,5,9.160,4.460
snack,5,9.140,4.150
outer,5,9.080,3.760
roads,5,9.060,4.050
TAKIN,5,9.060,3.970
flame,5,9.040,3.850
cargo,5,9.000,2.840
diary,5,8.980,2.800
swamp,5,8.980,2.430
kings,5,8.960,3.430
stall,5,8.960,3.990
areas,5,8.940,4.320
fluid,5,8.940,3.800
whack,5,8.920,3.490
creek,5,8.900,2.870
Doris,5,8.880,1.540
filed,5,8.800,4.450
cough,5,8.780,3.980
rolls,5,8.780,4.240
swore,5,8.750,4.380
cease,5,8.730,3.550
reads,5,8.730,4.700
drain,5,8.630,4.020
setup,5,8.630,4.150
petty,5,8.590,4.320
EVANS,5,8.590,1.420
burst,5,8.530,4.360
slice,5,8.530,4.260
laser,5,8.490,2.670
woody,5,8.490,1.380
ducks,5,8.470,2.380
spill,5,8.470,4.240
dizzy,5,8.430,4.260
horny,5,8.390,3.760
alibi,5,8.350,2.970
delta,5,8.330,1.820
Felix,5,8.290,0.850
tramp,5,8.290,3.120
prior,5,8.270,4.010
depth,5,8.250,3.110
phony,5,8.250,3.840
smash,5,8.250,3.760
yacht,5,8.220,2.350
deeds,5,8.180,2.280
alpha,5,8.120,2.480
kicks,5,8.120,4.180
belle,5,8.100,1.130
missy,5,8.100,2.340
momma,5,8.080,1.440
ankle,5,8.020,3.410
Satan,5,8.020,2.620
meals,5,7.920,4.160
pulls,5,7.920,4.090
skill,5,7.920,3.900
Kathy,5,7.900,1.340
ditch,5,7.860,3.670
minus,5,7.860,2.980
wiped,5,7.860,4.220
arrow,5,7.840,2.350
Attic,5,7.840,2.830
backs,5,7.840,4.380
votes,5,7.840,1.840
groom,5,7.820,2.980
shiny,5,7.800,3.910
dodge,5,7.760,2.400
vital,5,7.760,4.220
adore,5,7.730,3.510
Moore,5,7.710,1.570
rider,5,7.710,2.490
risky,5,7.710,3.970
shaft,5,7.710,2.430
sunny,5,7.670,3.470
perry,5,7.670,1.240
spite,5,7.610,4.010
spoon,5,7.610,3.220
stove,5,7.590,3.360
wired,5,7.570,3.920
react,5,7.550,3.950
winds,5,7.530,3.550
hunch,5,7.510,3.480
chili,5,7.490,2.410
grams,5,7.490,1.550
jolly,5,7.490,2.800
nicer,5,7.490,4.120
skies,5,7.490,3.360
float,5,7.470,3.670
sings,5,7.470,3.700
chess,5,7.450,2.250
aisle,5,7.430,3.390
dealt,5,7.430,4.070
occur,5,7.430,4.020
pipes,5,7.410,3.050
olive,5,7.350,2.180
ideal,5,7.330,3.680
refer,5,7.330,3.970
boobs,5,7.330,2.780
armor,5,7.290,2.350
panel,5,7.290,3.020
sissy,5,7.290,1.870
draft,5,7.270,3.580
Joyce,5,7.270,1.240
organ,5,7.250,2.930
jewel,5,7.240,2.150
bully,5,7.220,3.150
rally,5,7.220,2.470
drums,5,7.200,2.590
trips,5,7.200,3.620
rides,5,7.180,3.680
cheek,5,7.160,3.340
Craig,5,7.160,1.250
Moses,5,7.140,1.980
jelly,5,7.120,2.860
sells,5,7.120,3.580
weigh,5,7.120,3.370
fatal,5,7.100,3.700
harsh,5,7.100,3.740
ridge,5,7.080,2.300
elder,5,7.040,1.290
tales,5,7.040,2.930
sting,5,7.020,3.160
plead,5,7.000,2.970
cries,5,6.980,3.350
lands,5,6.980,3.000
shelf,5,6.960,3.270
wires,5,6.960,3.350
hobby,5,6.940,3.120
voted,5,6.940,3.200
label,5,6.880,3.050
razor,5,6.880,3.000
clamp,5,6.860,1.900
eager,5,6.860,3.660
messy,5,6.860,3.580
slick,5,6.860,3.140
races,5,6.820,2.710
KERRY,5,6.820,1.220
wakes,5,6.760,3.670
dudes,5,6.760,2.720
theft,5,6.750,3.470
items,5,6.730,3.180
feast,5,6.710,2.810
logic,5,6.710,3.150
rabbi,5,6.710,1.560
baked,5,6.690,3.200
locks,5,6.690,3.340
lodge,5,6.690,2.150
Pedro,5,6.690,1.180
bonds,5,6.670,2.530
Homer,5,6.670,0.790
gypsy,5,6.630,1.960
Andre,5,6.610,0.910
funds,5,6.610,3.060
jeans,5,6.610,2.900
Polly,5,6.610,1.000
tubes,5,6.610,2.520
ninth,5,6.550,3.040
siren,5,6.550,2.730
risks,5,6.510,3.160
urine,5,6.510,2.660
MARIS,5,6.510,0.870
sloan,5,6.490,0.630
stark,5,6.490,1.080
choke,5,6.470,3.240
lined,5,6.470,3.480
naive,5,6.450,3.370
butch,5,6.430,1.450
click,5,6.410,2.620
drift,5,6.410,3.040
quest,5,6.410,2.340
stern,5,6.410,1.840
canal,5,6.390,2.180
hangs,5,6.390,3.430
roots,5,6.370,3.220
tribe,5,6.370,2.290
peach,5,6.350,2.530
breed,5,6.330,2.960
lions,5,6.330,1.940
hairy,5,6.310,2.830
tasty,5,6.310,3.050
Swiss,5,6.290,2.580
worms,5,6.290,2.370
Bronx,5,6.270,2.030
clues,5,6.270,2.790
faced,5,6.270,3.510
lease,5,6.270,2.400
spark,5,6.270,2.670
brace,5,6.250,2.550
timer,5,6.250,2.040
scrub,5,6.240,2.580
sperm,5,6.240,1.920
straw,5,6.240,2.930
bluff,5,6.220,2.560
erase,5,6.220,2.690
meter,5,6.220,2.740
horns,5,6.200,2.890
mines,5,6.200,2.290
stain,5,6.200,2.890
booty,5,6.140,2.030
elbow,5,6.140,2.970
essay,5,6.140,1.530
pinch,5,6.120,3.110
cloth,5,6.100,2.810
debts,5,6.100,2.720
stack,5,6.100,3.210
bribe,5,6.040,2.860
cured,5,6.040,2.890
waits,5,6.020,2.740
dolly,5,6.000,1.310
brake,5,5.980,2.340
steer,5,5.980,2.830
drake,5,5.960,0.860
scent,5,5.960,2.810
shade,5,5.960,3.000
ropes,5,5.940,2.730
shook,5,5.940,2.990
slack,5,5.920,3.060
stamp,5,5.920,2.650
plaza,5,5.900,2.070
skate,5,5.900,1.470
coats,5,5.880,2.610
cycle,5,5.880,2.800
fuzzy,5,5.820,2.440
queer,5,5.800,2.500
troop,5,5.800,1.650
senor,5,5.780,1.180
curly,5,5.760,1.780
disco,5,5.760,1.820
spine,5,5.750,2.870
suing,5,5.750,2.110
wheat,5,5.750,2.420
butts,5,5.730,2.770
Hayes,5,5.730,1.060
naval,5,5.730,1.990
Brett,5,5.710,0.690
cakes,5,5.710,2.290
flood,5,5.710,2.410
medic,5,5.710,1.960
towns,5,5.710,2.500
tails,5,5.690,2.470
tease,5,5.690,2.890
craft,5,5.670,2.460
crook,5,5.670,2.340
dolls,5,5.670,2.370
masks,5,5.670,2.520
scoop,5,5.670,2.500
orbit,5,5.650,1.690
shack,5,5.650,2.340
KIRBY,5,5.650,0.410
scope,5,5.610,2.300
knots,5,5.590,2.030
audio,5,5.570,2.240
dusty,5,5.550,1.820
rodeo,5,5.550,1.300
Maine,5,5.530,1.620
moose,5,5.530,1.500
veins,5,5.530,3.030
BLAIR,5,5.530,0.720
bloom,5,5.510,2.000
ruled,5,5.510,3.040
bites,5,5.490,2.750
monte,5,5.490,1.170
waltz,5,5.470,2.160
Nazis,5,5.450,1.790
chops,5,5.430,2.380
sixty,5,5.430,2.490
Asian,5,5.410,2.320
pause,5,5.390,2.440
bands,5,5.370,2.100
negro,5,5.370,1.650
tango,5,5.370,1.390
ferry,5,5.350,1.530
rebel,5,5.350,1.980
crank,5,5.330,2.460
kneel,5,5.330,2.180
stray,5,5.330,2.680
vomit,5,5.330,2.650
choir,5,5.310,1.980
topic,5,5.310,2.800
Egypt,5,5.290,1.660
spice,5,5.290,1.920
gravy,5,5.270,2.270
pains,5,5.270,2.750
greet,5,5.250,2.750
cuffs,5,5.220,2.360
globe,5,5.220,2.480
goofy,5,5.220,1.680
rains,5,5.220,2.410
hairs,5,5.200,2.410
repay,5,5.200,2.720
bulls,5,5.180,1.650
buyer,5,5.180,2.240
untie,5,5.180,2.060
Dante,5,5.160,0.700
golly,5,5.160,1.920
saves,5,5.160,2.960
strap,5,5.160,2.590
tumor,5,5.160,1.560
valet,5,5.160,1.680
fanny,5,5.140,1.180
goals,5,5.140,2.110
waist,5,5.140,2.620
tammy,5,5.140,0.870
fails,5,5.120,2.690
fatty,5,5.100,1.560
motto,5,5.100,2.620
syrup,5,5.100,1.870
thorn,5,5.100,0.850
altar,5,5.080,2.160
amigo,5,5.080,1.790
funky,5,5.080,2.240
blink,5,5.060,2.550
dried,5,5.060,2.730
flick,5,5.040,1.630
hound,5,5.040,1.990
lynch,5,5.040,0.870
noisy,5,5.040,2.630
stash,5,5.040,2.460
utter,5,5.040,2.320
camel,5,5.020,1.650
cocoa,5,5.020,1.900
belts,5,4.980,2.320
torch,5,4.980,2.340
jumps,5,4.960,2.600
lasts,5,4.940,2.800
Seoul,5,4.940,1.360
Ethel,5,4.920,0.930
maker,5,4.920,2.460
Walsh,5,4.920,0.920
blunt,5,4.900,2.410
toxic,5,4.900,2.170
Venus,5,4.880,1.570
CARLO,5,4.860,1.050
hence,5,4.840,2.190
valve,5,4.840,1.650
seize,5,4.820,2.280
frost,5,4.800,1.070
greed,5,4.800,2.290
noted,5,4.800,2.710
reply,5,4.800,2.180
alter,5,4.780,2.370
broom,5,4.760,2.130
grain,5,4.760,2.130
mates,5,4.760,2.070
noses,5,4.760,2.680
poems,5,4.760,1.940
swept,5,4.760,2.590
sadly,5,4.710,2.630
sewer,5,4.710,2.220
scarf,5,4.690,1.970
adopt,5,4.670,2.190
bloke,5,4.670,1.610
Lilly,5,4.670,0.510
Mafia,5,4.670,1.790
realm,5,4.670,1.850
traps,5,4.670,2.000
verse,5,4.670,2.030
flock,5,4.650,1.930
urban,5,4.650,1.970
flank,5,4.630,1.570
quack,5,4.630,1.030
solar,5,4.630,1.720
SNUCK,5,4.630,2.690
abort,5,4.610,1.410
curve,5,4.610,2.130
tutor,5,4.610,1.730
acres,5,4.590,1.900
salon,5,4.590,1.660
grasp,5,4.570,2.410
irony,5,4.570,2.380
joker,5,4.570,1.390
sheer,5,4.570,2.400
spies,5,4.570,1.860
fucks,5,4.570,2.100
flown,5,4.550,2.340
spear,5,4.550,1.290
dryer,5,4.530,1.850
filth,5,4.530,1.880
metro,5,4.530,1.610
packs,5,4.530,2.280
vague,5,4.530,2.380
boost,5,4.510,2.310
Freud,5,4.510,1.750
Judas,5,4.510,1.490
shops,5,4.490,2.350
dared,5,4.470,2.400
seeds,5,4.470,2.000
grill,5,4.450,2.160
hicks,5,4.450,0.860
mills,5,4.450,1.010
claws,5,4.430,2.010
swine,5,4.430,1.910
Allah,5,4.410,0.830
doggy,5,4.410,1.840
Marge,5,4.410,0.660
piggy,5,4.410,1.440
probe,5,4.410,1.600
rhyme,5,4.410,1.910
ruins,5,4.410,2.070
dandy,5,4.390,1.910
scars,5,4.390,2.160
villa,5,4.390,1.290
jerks,5,4.370,2.340
rapid,5,4.370,2.050
scrap,5,4.370,2.030
dames,5,4.370,1.590
flint,5,4.350,0.440
sushi,5,4.350,1.720
gangs,5,4.330,1.620
posse,5,4.330,1.320
Nixon,5,4.310,1.230
truce,5,4.310,1.790
coins,5,4.290,1.660
juicy,5,4.290,2.270
leash,5,4.290,1.970
blend,5,4.270,2.220
melon,5,4.270,1.180
taped,5,4.270,2.120
Pablo,5,4.250,0.850
CHENG,5,4.250,0.190
froze,5,4.240,2.120
onion,5,4.240,1.810
pasta,5,4.240,1.660
yells,5,4.240,1.780
Cuban,5,4.220,1.440
flare,5,4.220,1.650
Padre,5,4.220,1.260
bates,5,4.180,0.860
batch,5,4.160,2.240
hooks,5,4.160,1.780
pairs,5,4.160,1.900
tenth,5,4.160,2.170
weary,5,4.160,1.930
chunk,5,4.140,1.620
punks,5,4.140,1.880
sonar,5,4.140,0.680
cocky,5,4.120,1.990
chump,5,4.100,1.790
crate,5,4.100,1.500
Dixie,5,4.100,1.000
rates,5,4.100,2.160
GIVIN,5,4.100,1.810
alias,5,4.080,1.850
donor,5,4.080,1.560
hitch,5,4.080,2.030
manly,5,4.040,1.730
Norma,5,4.040,0.750
ounce,5,4.040,1.730
views,5,4.040,2.150
yield,5,4.040,1.540
finch,5,4.020,0.750
rises,5,4.020,1.970
token,5,4.020,2.060
trout,5,4.020,1.340
grape,5,4.000,1.630
halls,5,4.000,2.090
prank,5,4.000,1.810
dicks,5,4.000,1.630
caves,5,3.960,1.380
corny,5,3.960,1.570
poppy,5,3.960,0.730
wager,5,3.960,1.670
buses,5,3.940,1.820
semen,5,3.940,1.340
flirt,5,3.920,2.030
Naomi,5,3.920,0.390
ranks,5,3.900,1.930
wrath,5,3.900,1.760
barge,5,3.880,1.970
lists,5,3.880,1.780
slips,5,3.880,1.900
wages,5,3.880,1.610
grove,5,3.860,1.200
pumps,5,3.860,1.750
swift,5,3.860,1.870
whoop,5,3.860,1.190
boxer,5,3.840,1.350
draws,5,3.820,2.010
tonic,5,3.820,1.700
tunes,5,3.820,1.760
BRYAN,5,3.820,0.460
rainy,5,3.800,1.810
asset,5,3.780,1.780
feeds,5,3.780,2.100
rival,5,3.780,1.730
camps,5,3.760,1.590
cooks,5,3.760,2.000
sully,5,3.760,0.430
agony,5,3.750,2.040
hides,5,3.750,1.880
serum,5,3.750,1.100
thigh,5,3.750,1.810
bumpy,5,3.730,1.010
freed,5,3.730,1.750
grabs,5,3.730,2.050
grind,5,3.730,1.980
parks,5,3.730,1.500
rogue,5,3.730,1.360
Edith,5,3.710,0.690
layer,5,3.710,1.820
palms,5,3.710,1.910
docks,5,3.690,1.480
hardy,5,3.690,0.930
Patsy,5,3.690,0.890
scalp,5,3.690,1.680
LUCIA,5,3.670,0.570
exits,5,3.650,1.820
heave,5,3.650,0.990
RUFUS,5,3.650,0.520
arena,5,3.630,1.380
fudge,5,3.630,1.450
Allan,5,3.610,0.620
chute,5,3.610,1.380
gator,5,3.610,0.670
hutch,5,3.610,0.570
liars,5,3.610,1.860
bowel,5,3.590,1.500
chalk,5,3.590,1.700
loads,5,3.590,1.730
sites,5,3.590,1.420
bases,5,3.570,1.690
canoe,5,3.570,0.910
cinch,5,3.570,1.630
decoy,5,3.570,1.510
haunt,5,3.570,1.910
nutty,5,3.570,1.550
tuned,5,3.570,1.920
await,5,3.550,1.930
goody,5,3.550,1.470
paths,5,3.550,2.010
sniff,5,3.550,1.750
beads,5,3.530,1.260
fling,5,3.530,1.540
JULIO,5,3.530,0.830
gamma,5,3.510,0.770
hasty,5,3.510,1.650
ledge,5,3.510,1.300
marsh,5,3.510,0.720
scram,5,3.510,1.630
stool,5,3.510,1.860
berry,5,3.490,1.180
genie,5,3.490,0.560
tally,5,3.490,0.700
elves,5,3.490,0.980
babes,5,3.470,1.650
bumps,5,3.470,1.700
faked,5,3.470,1.630
tummy,5,3.470,1.670
cadet,5,3.450,0.760
karma,5,3.450,1.480
Omaha,5,3.450,0.940
BUCKY,5,3.450,0.390
Chevy,5,3.430,1.260
flags,5,3.430,1.650
lords,5,3.430,1.220
midst,5,3.430,1.870
triad,5,3.430,0.740
manor,5,3.410,1.230
CHUNG,5,3.410,0.800
flyer,5,3.390,1.420
jacks,5,3.390,1.450
merit,5,3.390,1.820
spank,5,3.390,1.610
thugs,5,3.390,1.390
frogs,5,3.370,1.130
ABNER,5,3.370,0.190
homey,5,3.350,1.390
CYRUS,5,3.350,0.250
cobra,5,3.330,0.730
notch,5,3.330,1.560
rover,5,3.330,1.080
spicy,5,3.310,1.560
shalt,5,3.310,1.110
toots,5,3.290,0.860
crews,5,3.270,1.380
verge,5,3.270,1.740
crust,5,3.250,1.500
forge,5,3.250,1.230
skunk,5,3.250,1.280
maple,5,3.240,1.080
Nobel,5,3.240,1.510
rouge,5,3.240,1.190
slate,5,3.240,1.530
GARTH,5,3.240,0.250
Isaac,5,3.220,0.640
necks,5,3.220,1.740
ratio,5,3.220,1.100
reset,5,3.220,1.350
sails,5,3.220,1.350
sassy,5,3.220,0.850
valid,5,3.220,1.820
wacky,5,3.220,1.360
barks,5,3.220,1.290
lever,5,3.200,1.260
witty,5,3.200,1.750
abbey,5,3.180,0.630
brute,5,3.180,1.590
crabs,5,3.180,1.160
leery,5,3.180,0.810
ruler,5,3.180,1.650
telly,5,3.180,0.630
DAMON,5,3.180,0.600
baths,5,3.160,1.440
crisp,5,3.160,1.540
fatso,5,3.160,0.850
flour,5,3.160,1.310
Irene,5,3.160,0.490
bliss,5,3.140,1.420
pupil,5,3.140,1.380
squat,5,3.140,1.590
adios,5,3.120,1.500
bosom,5,3.120,1.430
raven,5,3.120,0.700
reign,5,3.120,1.600
slimy,5,3.120,1.510
carve,5,3.100,1.610
jumpy,5,3.100,1.690
loner,5,3.100,1.590
tying,5,3.100,1.750
CHING,5,3.100,0.380
comet,5,3.080,0.740
dwarf,5,3.080,1.110
Byron,5,3.060,0.790
fiber,5,3.060,1.410
craps,5,3.040,1.250
crude,5,3.040,1.570
madly,5,3.040,1.550
needy,5,3.040,1.430
Pluto,5,3.040,0.460
stein,5,3.040,0.580
foods,5,3.020,1.510
germs,5,3.020,1.360
mamma,5,3.020,0.750
sizes,5,3.020,1.510
unite,5,3.020,1.510
arson,5,3.000,1.060
beeps,5,3.000,1.170
chimp,5,3.000,0.680
cloak,5,3.000,1.100
faded,5,3.000,1.450
muddy,5,3.000,1.280
fewer,5,2.980,1.620
input,5,2.980,1.570
kinky,5,2.980,1.510
props,5,2.980,1.390
relay,5,2.980,1.380
scoot,5,2.980,1.570
arise,5,2.960,1.320
elite,5,2.960,1.560
fists,5,2.960,1.490
shaky,5,2.960,1.670
viola,5,2.960,0.430
vocal,5,2.960,1.360
acute,5,2.940,1.560
depot,5,2.940,1.160
pappy,5,2.940,0.570
shred,5,2.940,1.540
slope,5,2.940,1.430
gents,5,2.940,1.340
linen,5,2.920,1.390
stale,5,2.920,1.550
yahoo,5,2.920,1.160
roles,5,2.900,1.340
genes,5,2.880,1.410
Jonah,5,2.880,0.430
thine,5,2.880,1.240
deuce,5,2.860,1.000
fumes,5,2.860,1.310
seeks,5,2.860,1.450
Tibet,5,2.860,0.560
baton,5,2.840,0.930
caddy,5,2.840,0.950
edges,5,2.840,1.490
farms,5,2.840,1.310
Twain,5,2.840,0.750
bikes,5,2.840,1.080
exams,5,2.840,1.320
Bowie,5,2.820,0.730
drone,5,2.820,0.640
jumbo,5,2.820,1.360
snaps,5,2.820,1.240
cramp,5,2.800,1.300
fiend,5,2.800,1.310
fishy,5,2.800,1.260
poets,5,2.800,1.120
dairy,5,2.780,1.240
dwell,5,2.780,1.500
flows,5,2.780,1.530
vista,5,2.780,1.030
paged,5,2.780,1.370
crows,5,2.760,0.890
herbs,5,2.760,1.100
hoops,5,2.760,1.160
links,5,2.760,1.500
loans,5,2.760,1.220
maids,5,2.760,1.290
Morse,5,2.760,0.700
posts,5,2.760,1.320
slime,5,2.760,1.260
squid,5,2.760,0.890
PAINE,5,2.760,0.130
newly,5,2.750,1.510
rests,5,2.750,1.540
spook,5,2.750,1.260
hawks,5,2.730,0.510
quill,5,2.730,0.180
seals,5,2.730,1.140
abide,5,2.710,1.480
bogus,5,2.710,1.490
clams,5,2.710,1.140
troll,5,2.710,0.640
unity,5,2.710,1.030
beams,5,2.690,1.240
bongo,5,2.690,0.380
dumps,5,2.690,1.440
grail,5,2.690,0.570
imply,5,2.690,1.450
apron,5,2.670,1.280
bleep,5,2.670,0.630
blush,5,2.670,1.370
Cairo,5,2.670,0.730
legit,5,2.670,1.310
monks,5,2.670,0.890
skins,5,2.670,1.250
stomp,5,2.670,1.120
tyres,5,2.670,0.750
polar,5,2.650,1.050
roach,5,2.650,0.870
sears,5,2.650,0.980
shush,5,2.650,1.130
tends,5,2.650,1.500
CLIVE,5,2.650,0.420
goats,5,2.650,1.010
adapt,5,2.630,1.200
Elmer,5,2.630,0.570
males,5,2.630,1.350
paddy,5,2.630,0.720
racer,5,2.630,0.560
tacky,5,2.630,1.290
windy,5,2.630,1.240
amuse,5,2.610,1.370
crops,5,2.610,1.190
fills,5,2.610,1.450
fleas,5,2.610,1.130
patio,5,2.610,1.290
satin,5,2.610,1.180
debut,5,2.590,1.130
finer,5,2.590,1.410
limbs,5,2.590,1.260
shuts,5,2.590,1.420
tours,5,2.590,1.290
wiser,5,2.590,1.490
aging,5,2.570,1.220
chaps,5,2.570,1.070
juror,5,2.570,0.520
ulcer,5,2.570,1.030
decks,5,2.550,1.180
Saxon,5,2.550,0.180
steed,5,2.550,0.540
booby,5,2.530,1.040
colon,5,2.530,1.130
creed,5,2.530,0.610
mambo,5,2.530,0.540
mourn,5,2.530,1.390
Reich,5,2.530,0.580
tempt,5,2.530,1.380
viper,5,2.530,0.810
CLINT,5,2.530,0.550
FITCH,5,2.530,0.260
annoy,5,2.510,1.370
bathe,5,2.510,1.370
cling,5,2.510,1.260
clone,5,2.510,0.670
cupid,5,2.510,0.800
dread,5,2.510,1.240
felon,5,2.510,1.200
puffs,5,2.510,0.940
teeny,5,2.510,1.290
zebra,5,2.510,0.690
bogey,5,2.490,0.660
brink,5,2.490,1.310
buggy,5,2.490,0.880
cedar,5,2.490,0.580
Clare,5,2.490,0.250
knack,5,2.490,1.230
salty,5,2.490,1.250
snoop,5,2.490,1.110
toddy,5,2.490,0.250
whiff,5,2.490,1.340
wider,5,2.490,1.340
combo,5,2.450,1.240
steep,5,2.450,1.300
stoop,5,2.450,1.350
stump,5,2.450,0.950
cages,5,2.430,1.130
curry,5,2.430,0.850
diver,5,2.430,0.630
polka,5,2.430,0.800
LACEY,5,2.430,0.410
dares,5,2.410,1.180
loony,5,2.410,1.260
furry,5,2.390,1.230
slash,5,2.390,1.130
taffy,5,2.390,0.440
yanks,5,2.390,1.000
ASHER,5,2.390,0.260
COSMO,5,2.390,0.920
coral,5,2.370,0.680
Kenya,5,2.370,0.410
lifts,5,2.370,1.240
limbo,5,2.370,0.750
pushy,5,2.370,1.220
quits,5,2.370,1.300
riots,5,2.370,1.220
usher,5,2.370,0.820
weeds,5,2.370,1.040
glide,5,2.350,0.790
moons,5,2.350,0.890
mules,5,2.350,0.750
rinse,5,2.350,1.200
shady,5,2.350,1.120
goons,5,2.350,0.890
boner,5,2.330,0.870
venom,5,2.330,0.760
vogue,5,2.330,0.730
wedge,5,2.330,1.160
DELLA,5,2.330,0.420
mammy,5,2.330,0.420
pluck,5,2.310,1.120
pools,5,2.310,1.070
siege,5,2.310,1.080
spade,5,2.310,0.680
Judah,5,2.290,0.150
robes,5,2.290,1.110
sling,5,2.290,1.230
swung,5,2.290,1.170
wraps,5,2.290,1.250
chant,5,2.270,0.980
flair,5,2.270,1.050
itchy,5,2.270,1.220
jerky,5,2.270,1.040
tread,5,2.270,1.110
comfy,5,2.250,1.280
glued,5,2.250,1.190
moody,5,2.250,1.120
trump,5,2.250,0.990
DUNNE,5,2.250,0.260
flora,5,2.240,0.460
opium,5,2.240,0.730
slams,5,2.240,1.190
forks,5,2.220,0.980
grunt,5,2.220,1.040
shits,5,2.220,1.070
derby,5,2.200,0.940
gauge,5,2.200,1.100
leaks,5,2.200,1.190
posed,5,2.200,1.170
wills,5,2.200,0.810
DUFFY,5,2.200,0.360
bolts,5,2.180,1.120
bowls,5,2.180,1.100
clips,5,2.180,1.100
noose,5,2.180,1.060
picky,5,2.180,1.100
polls,5,2.180,0.850
renew,5,2.180,1.000
smear,5,2.180,1.070
civic,5,2.160,1.040
drool,5,2.160,0.970
poles,5,2.160,1.080
Sioux,5,2.160,0.520
CONEY,5,2.160,0.860
flier,5,2.140,0.670
ozone,5,2.140,0.670
spree,5,2.140,0.990
Arabs,5,2.120,0.630
array,5,2.120,0.570
brawl,5,2.120,1.050
dense,5,2.120,1.050
ether,5,2.120,0.560
flute,5,2.120,0.850
moods,5,2.120,1.070
panda,5,2.120,0.440
sacks,5,2.120,0.830
sands,5,2.120,0.810
blaze,5,2.100,0.920
crest,5,2.100,0.800
lacks,5,2.100,1.170
moans,5,2.100,0.930
thong,5,2.100,0.890
STARR,5,2.100,0.360
titty,5,2.100,0.740
Aggie,5,2.080,0.150
crave,5,2.080,1.120
haste,5,2.080,0.940
index,5,2.080,1.110
nasal,5,2.080,0.940
quart,5,2.080,0.920
rhino,5,2.080,0.480
trend,5,2.080,0.940
Wales,5,2.080,0.720
specs,5,2.080,0.910
decay,5,2.060,0.970
fours,5,2.060,0.990
hoist,5,2.060,1.010
lakes,5,2.060,0.990
lunar,5,2.060,0.560
oddly,5,2.060,1.190
waved,5,2.060,1.060
weave,5,2.060,1.140
brook,5,2.040,0.830
budge,5,2.040,0.990
forum,5,2.040,1.040
frown,5,2.040,0.970
lamps,5,2.040,0.930
lotus,5,2.040,0.690
pedal,5,2.040,1.010
plank,5,2.040,0.750
vivid,5,2.040,1.160
crock,5,2.020,0.950
fiery,5,2.020,1.030
guild,5,2.020,0.630
midge,5,2.020,0.430
plugs,5,2.020,0.980
boils,5,2.000,0.930
dukes,5,2.000,0.640
intro,5,2.000,0.920
snuff,5,2.000,0.730
SIMBA,5,2.000,0.110
Buick,5,1.980,0.820
EMORY,5,1.980,0.290
Cecil,5,1.960,0.450
ducky,5,1.960,0.550
floss,5,1.960,0.940
menus,5,1.960,0.970
Plato,5,1.960,0.450
tones,5,1.960,1.030
darts,5,1.960,0.790
NOTRE,5,1.960,0.640
aimed,5,1.940,1.110
pansy,5,1.940,0.640
sonic,5,1.940,0.680
teens,5,1.940,0.990
thump,5,1.940,0.660
cuter,5,1.940,0.930
holed,5,1.920,1.040
lanes,5,1.920,0.920
latch,5,1.920,0.870
oasis,5,1.920,0.790
peril,5,1.920,0.940
tents,5,1.920,0.860
fades,5,1.920,1.050
LOOKY,5,1.920,0.860
spins,5,1.920,1.010
cider,5,1.900,0.580
emery,5,1.900,0.260
CHICO,5,1.900,0.630
aspen,5,1.880,0.560
basin,5,1.880,0.810
carts,5,1.880,0.820
hosts,5,1.880,0.940
Milan,5,1.880,0.720
Tulsa,5,1.880,0.520
johns,5,1.880,0.920
amour,5,1.860,0.500
bonny,5,1.860,0.410
cello,5,1.860,0.480
cubes,5,1.860,0.950
Curie,5,1.860,0.250
exile,5,1.860,0.790
gowns,5,1.860,1.010
irons,5,1.860,0.920
milky,5,1.860,0.820
ports,5,1.860,0.870
quota,5,1.860,0.910
rigid,5,1.860,1.010
rites,5,1.860,0.920
speck,5,1.860,0.740
heath,5,1.860,0.420
pesos,5,1.860,0.480
adieu,5,1.840,0.700
aloud,5,1.840,1.040
surge,5,1.840,0.830
torso,5,1.840,0.910
melts,5,1.840,1.040
ample,5,1.820,0.980
bijou,5,1.820,0.100
chord,5,1.820,0.790
crick,5,1.820,0.320
putty,5,1.820,0.670
spawn,5,1.820,0.670
spurs,5,1.820,0.850
urges,5,1.820,0.820
CAREY,5,1.820,0.330
cocks,5,1.820,0.800
bangs,5,1.800,0.990
crumb,5,1.800,0.750
downs,5,1.800,0.950
flunk,5,1.800,0.890
groin,5,1.800,0.820
moist,5,1.800,0.920
prone,5,1.800,1.000
slain,5,1.800,0.870
slugs,5,1.800,0.930
suede,5,1.800,0.630
kilos,5,1.800,0.720
dimes,5,1.780,0.870
fangs,5,1.780,0.750
flaws,5,1.780,0.890
giddy,5,1.780,0.770
Hogan,5,1.780,0.360
piles,5,1.780,0.790
poses,5,1.780,0.990
tiara,5,1.780,0.540
bitty,5,1.780,0.800
LEARY,5,1.780,0.450
abyss,5,1.760,0.800
caper,5,1.760,0.620
Mecca,5,1.760,0.440
scamp,5,1.760,0.250
sedan,5,1.760,0.850
snail,5,1.760,0.640
typed,5,1.760,0.920
zones,5,1.760,0.770
perks,5,1.760,0.970
bossy,5,1.750,0.810
eerie,5,1.750,0.760
farce,5,1.750,0.810
flake,5,1.750,0.810
fluke,5,1.750,0.770
leech,5,1.750,0.600
liter,5,1.750,0.800
lumpy,5,1.750,0.540
sinus,5,1.750,0.850
whirl,5,1.750,0.860
HONDO,5,1.750,0.180
mavis,5,1.750,0.170
atoms,5,1.730,0.510
bugle,5,1.730,0.580
faker,5,1.730,0.600
friar,5,1.730,0.370
lumps,5,1.730,0.950
pores,5,1.730,0.670
waive,5,1.730,0.870
wench,5,1.730,0.690
honks,5,1.730,0.770
bulbs,5,1.710,0.800
lowly,5,1.710,0.790
paces,5,1.710,0.850
paste,5,1.710,0.850
pouch,5,1.710,0.680
sewed,5,1.710,0.950
sinks,5,1.710,0.910
cords,5,1.690,0.870
flats,5,1.690,0.700
louse,5,1.690,0.750
peers,5,1.690,0.980
plots,5,1.690,0.790
plumb,5,1.690,0.750
potty,5,1.690,0.800
puffy,5,1.690,0.770
stalk,5,1.690,0.940
tempo,5,1.690,0.760
rowan,5,1.690,0.170
ditto,5,1.670,0.790
doses,5,1.670,0.920
lambs,5,1.670,0.750
lotto,5,1.670,0.450
perky,5,1.670,0.790
scans,5,1.670,0.730
tasks,5,1.670,0.870
tiles,5,1.670,0.730
vents,5,1.670,0.620
ALDEN,5,1.670,0.270
CABOT,5,1.670,0.240
graft,5,1.650,0.580
joins,5,1.650,0.940
mango,5,1.650,0.730
roars,5,1.650,0.560
VERSA,5,1.650,0.920
banjo,5,1.630,0.600
caged,5,1.630,0.810
Danes,5,1.630,0.500
hints,5,1.630,0.820
laden,5,1.630,0.580
serge,5,1.630,0.270
stork,5,1.630,0.660
vowed,5,1.630,0.940
whine,5,1.630,0.950
MATER,5,1.630,0.540
amaze,5,1.610,0.890
firms,5,1.610,0.820
glare,5,1.610,0.860
Hades,5,1.610,0.330
hires,5,1.610,0.910
plaid,5,1.610,0.860
purge,5,1.610,0.790
quake,5,1.610,0.570
slots,5,1.610,0.720
snore,5,1.610,0.860
swipe,5,1.610,0.830
swish,5,1.610,0.370
timed,5,1.610,0.910
honky,5,1.610,0.610
disks,5,1.590,0.450
frail,5,1.590,0.830
geese,5,1.590,0.670
grits,5,1.590,0.570
husky,5,1.590,0.420
mangy,5,1.590,0.800
peaks,5,1.590,0.670
renal,5,1.590,0.460
mints,5,1.590,0.770
gloat,5,1.570,0.800
jiffy,5,1.570,0.800
misty,5,1.570,0.740
sever,5,1.570,0.770
strut,5,1.570,0.760
tides,5,1.570,0.760
vines,5,1.570,0.620
dears,5,1.570,0.730
eater,5,1.570,0.760
aunts,5,1.550,0.660
birch,5,1.550,0.370
Burma,5,1.550,0.410
curls,5,1.550,0.750
frisk,5,1.550,0.810
fussy,5,1.550,0.830
Haiti,5,1.550,0.260
hedge,5,1.550,0.690
Irish,5,1.550,0.730
kraut,5,1.550,0.520
risen,5,1.550,0.820
tenor,5,1.550,0.570
Turks,5,1.550,0.560
unfit,5,1.550,0.810
fakes,5,1.550,0.520
aorta,5,1.530,0.600
goner,5,1.530,0.870
hoods,5,1.530,0.730
Norse,5,1.530,0.150
scuba,5,1.530,0.660
stung,5,1.530,0.790
swoop,5,1.530,0.830
trays,5,1.530,0.760
LEEDS,5,1.530,0.210
aches,5,1.510,0.760
bends,5,1.510,0.760
gains,5,1.510,0.800
gears,5,1.510,0.830
gland,5,1.510,0.640
mound,5,1.510,0.560
mushy,5,1.510,0.850
parry,5,1.510,0.250
sheik,5,1.510,0.300
timid,5,1.510,0.740
twerp,5,1.510,0.860
coded,5,1.490,0.690
omega,5,1.490,0.510
piled,5,1.490,0.870
pours,5,1.490,0.820
privy,5,1.490,0.750
woken,5,1.490,0.850
dowry,5,1.470,0.570
Italy,5,1.470,0.740
mower,5,1.470,0.550
plump,5,1.470,0.740
prune,5,1.470,0.740
vicar,5,1.470,0.420
brats,5,1.470,0.860
fixes,5,1.470,0.850
folly,5,1.450,0.770
gloss,5,1.450,0.770
latex,5,1.450,0.580
lured,5,1.450,0.860
miner,5,1.450,0.670
reins,5,1.450,0.750
rummy,5,1.450,0.620
sloth,5,1.450,0.290
titan,5,1.450,0.290
wines,5,1.450,0.690
farts,5,1.450,0.680
riled,5,1.450,0.760
adder,5,1.430,0.210
Alamo,5,1.430,0.460
cluck,5,1.430,0.460
gauze,5,1.430,0.670
rated,5,1.430,0.690
salts,5,1.430,0.630
tract,5,1.430,0.670
venue,5,1.430,0.750
chink,5,1.430,0.430
flaps,5,1.430,0.620
swims,5,1.430,0.740
busts,5,1.410,0.670
dopey,5,1.410,0.740
Dover,5,1.410,0.450
eject,5,1.410,0.570
elect,5,1.410,0.760
enema,5,1.410,0.620
evils,5,1.410,0.700
fluff,5,1.410,0.640
hippo,5,1.410,0.460
hyena,5,1.410,0.440
India,5,1.410,0.540
llama,5,1.410,0.320
icing,5,1.390,0.670
ivory,5,1.390,0.750
merge,5,1.390,0.570
nifty,5,1.390,0.790
slang,5,1.390,0.660
swede,5,1.390,0.310
wipes,5,1.390,0.800
crypt,5,1.370,0.450
expel,5,1.370,0.660
lapse,5,1.370,0.730
manic,5,1.370,0.640
prude,5,1.370,0.690
rabid,5,1.370,0.740
shawl,5,1.370,0.540
ODELL,5,1.370,0.130
Adolf,5,1.350,0.550
aroma,5,1.350,0.760
basil,5,1.350,0.540
beige,5,1.350,0.610
havoc,5,1.350,0.740
nylon,5,1.350,0.680
otter,5,1.350,0.320
pagan,5,1.350,0.630
sauna,5,1.350,0.620
shank,5,1.350,0.500
stair,5,1.350,0.540
waxed,5,1.350,0.670
malls,5,1.350,0.620
winch,5,1.350,0.520
bayou,5,1.330,0.370
clash,5,1.330,0.700
Cokes,5,1.330,0.630
leaps,5,1.330,0.720
quail,5,1.330,0.480
relic,5,1.330,0.720
seams,5,1.330,0.760
spunk,5,1.330,0.550
swarm,5,1.330,0.690
dildo,5,1.330,0.410
LOREN,5,1.330,0.200
WELCH,5,1.330,0.380
awoke,5,1.310,0.720
boxed,5,1.310,0.680
elope,5,1.310,0.640
fives,5,1.310,0.610
gorge,5,1.310,0.510
loins,5,1.310,0.660
poked,5,1.310,0.740
raced,5,1.310,0.640
scold,5,1.310,0.620
squaw,5,1.310,0.460
twirl,5,1.310,0.630
RYDER,5,1.310,0.250
beaut,5,1.290,0.700
cures,5,1.290,0.700
dingo,5,1.290,0.240
foggy,5,1.290,0.700
Grimm,5,1.290,0.200
mocha,5,1.290,0.550
Nepal,5,1.290,0.390
penal,5,1.290,0.690
pooch,5,1.290,0.570
prowl,5,1.290,0.680
clink,5,1.290,0.570
reeks,5,1.290,0.690
vials,5,1.290,0.450
lucid,5,1.270,0.640
maxim,5,1.270,0.480
Nelly,5,1.270,0.270
rents,5,1.270,0.730
runny,5,1.270,0.620
snows,5,1.270,0.600
swans,5,1.270,0.430
towed,5,1.270,0.700
wharf,5,1.270,0.510
hanks,5,1.270,0.330
sluts,5,1.270,0.610
TIMON,5,1.270,0.020
blitz,5,1.250,0.640
cater,5,1.250,0.720
hives,5,1.250,0.570
howls,5,1.250,0.540
hubba,5,1.250,0.250
valor,5,1.250,0.610
volts,5,1.250,0.660
KYOTO,5,1.250,0.320
pints,5,1.250,0.610
sahib,5,1.250,0.180
femme,5,1.240,0.440
flips,5,1.240,0.620
hussy,5,1.240,0.600
leper,5,1.240,0.580
myths,5,1.240,0.580
navel,5,1.240,0.490
owing,5,1.240,0.670
users,5,1.240,0.520
vinyl,5,1.240,0.610
LEONE,5,1.240,0.200
watts,5,1.240,0.500
Congo,5,1.220,0.450
grips,5,1.220,0.640
hefty,5,1.220,0.580
hilly,5,1.220,0.170
liner,5,1.220,0.660
roofs,5,1.220,0.640
Salem,5,1.220,0.420
saucy,5,1.220,0.550
taboo,5,1.220,0.550
wring,5,1.220,0.640
sixes,5,1.220,0.510
cones,5,1.200,0.560
Fidel,5,1.200,0.300
matey,5,1.200,0.440
oxide,5,1.200,0.510
pimps,5,1.200,0.520
pines,5,1.200,0.460
raids,5,1.200,0.580
rumba,5,1.200,0.480
slump,5,1.200,0.490
tarot,5,1.200,0.310
tweed,5,1.200,0.370
drags,5,1.200,0.680
gills,5,1.200,0.550
lorry,5,1.200,0.170
spits,5,1.200,0.670
carte,5,1.180,0.540
erect,5,1.180,0.620
filly,5,1.180,0.570
hunts,5,1.180,0.640
laird,5,1.180,0.130
mumps,5,1.180,0.430
pubic,5,1.180,0.540
queue,5,1.180,0.500
sores,5,1.180,0.490
stoke,5,1.180,0.250
Welsh,5,1.180,0.560
whips,5,1.180,0.630
calms,5,1.180,0.610
heals,5,1.180,0.670
slows,5,1.180,0.640
croak,5,1.160,0.510
fates,5,1.160,0.620
giver,5,1.160,0.660
gloom,5,1.160,0.630
hover,5,1.160,0.630
lingo,5,1.160,0.640
rural,5,1.160,0.560
scorn,5,1.160,0.510
snort,5,1.160,0.660
ticks,5,1.160,0.550
foxes,5,1.160,0.560
Chile,5,1.140,0.390
crept,5,1.140,0.670
femur,5,1.140,0.520
fuses,5,1.140,0.560
horde,5,1.140,0.250
joust,5,1.140,0.270
loops,5,1.140,0.540
regal,5,1.140,0.510
slant,5,1.140,0.620
tardy,5,1.140,0.560
audit,5,1.120,0.540
caved,5,1.120,0.630
dotty,5,1.120,0.190
flask,5,1.120,0.480
lawns,5,1.120,0.580
liege,5,1.120,0.270
Moors,5,1.120,0.320
nudge,5,1.120,0.540
urged,5,1.120,0.620
BLUME,5,1.120,0.100
GILES,5,1.120,0.250
MICKY,5,1.120,0.110
nexus,5,1.120,0.230
tarts,5,1.120,0.420
baldy,5,1.100,0.410
bilge,5,1.100,0.380
cynic,5,1.100,0.580
laced,5,1.100,0.630
leaky,5,1.100,0.610
libel,5,1.100,0.360
lyric,5,1.100,0.380
poise,5,1.100,0.420
spasm,5,1.100,0.540
talon,5,1.100,0.070
tombs,5,1.100,0.460
vests,5,1.100,0.480
mitts,5,1.100,0.610
bland,5,1.080,0.390
bleak,5,1.080,0.620
brood,5,1.080,0.610
bunks,5,1.080,0.420
ducts,5,1.080,0.460
gable,5,1.080,0.430
hazel,5,1.080,0.450
hoses,5,1.080,0.490
leans,5,1.080,0.620
mixer,5,1.080,0.580
trait,5,1.080,0.640
vibes,5,1.080,0.600
TORAH,5,1.080,0.200
boast,5,1.060,0.620
desks,5,1.060,0.610
edema,5,1.060,0.520
genre,5,1.060,0.480
moths,5,1.060,0.430
nines,5,1.060,0.500
olden,5,1.060,0.410
savvy,5,1.060,0.550
sidle,5,1.060,0.450
snowy,5,1.060,0.380
stead,5,1.060,0.520
COLES,5,1.060,0.110
largo,5,1.060,0.110
licks,5,1.060,0.580
SCUSE,5,1.060,0.510
sodas,5,1.060,0.620
blimp,5,1.040,0.480
brisk,5,1.040,0.580
drape,5,1.040,0.480
ethic,5,1.040,0.540
hooch,5,1.040,0.580
kappa,5,1.040,0.420
knobs,5,1.040,0.490
luger,5,1.040,0.270
rails,5,1.040,0.520
stout,5,1.040,0.540
tidal,5,1.040,0.540
BUENO,5,1.040,0.510
gulls,5,1.040,0.290
panty,5,1.040,0.580
plums,5,1.040,0.320
afoot,5,1.020,0.560
alloy,5,1.020,0.540
atlas,5,1.020,0.420
beets,5,1.020,0.330
borne,5,1.020,0.570
clasp,5,1.020,0.440
craze,5,1.020,0.540
Czech,5,1.020,0.440
decor,5,1.020,0.520
dinky,5,1.020,0.390
folds,5,1.020,0.550
ghoul,5,1.020,0.360
grate,5,1.020,0.500
guile,5,1.020,0.320
Hindu,5,1.020,0.550
mania,5,1.020,0.420
mural,5,1.020,0.410
optic,5,1.020,0.450
pesky,5,1.020,0.610
rowdy,5,1.020,0.550
Seton,5,1.020,0.110
smelt,5,1.020,0.520
soaps,5,1.020,0.510
spout,5,1.020,0.550
taxis,5,1.020,0.520
wards,5,1.020,0.490
warts,5,1.020,0.460
wiles,5,1.020,0.350
chefs,5,1.020,0.480
lovey,5,1.020,0.230
chore,5,1.000,0.560
dives,5,1.000,0.500
doves,5,1.000,0.430
hubby,5,1.000,0.520
kaput,5,1.000,0.510
newer,5,1.000,0.570
stems,5,1.000,0.550
topaz,5,1.000,0.070
brill,5,1.000,0.140
prays,5,1.000,0.490
canon,5,0.980,0.350
casts,5,0.980,0.500
comma,5,0.980,0.410
gleam,5,0.980,0.460
growl,5,0.980,0.520
longs,5,0.980,0.360
pears,5,0.980,0.390
perch,5,0.980,0.440
petit,5,0.980,0.360
slums,5,0.980,0.490
soggy,5,0.980,0.500
studs,5,0.980,0.460
zeros,5,0.980,0.440
croft,5,0.980,0.150
MARDI,5,0.980,0.410
molto,5,0.980,0.170
earns,5,0.960,0.570
Mayan,5,0.960,0.360
quark,5,0.960,0.140
swill,5,0.960,0.460
testy,5,0.960,0.500
vixen,5,0.960,0.480
yearn,5,0.960,0.500
GARDE,5,0.960,0.380
baggy,5,0.940,0.520
beret,5,0.940,0.480
braid,5,0.940,0.480
bulge,5,0.940,0.490
clout,5,0.940,0.480
coals,5,0.940,0.520
covet,5,0.940,0.410
dolce,5,0.940,0.350
dries,5,0.940,0.560
hymns,5,0.940,0.430
nippy,5,0.940,0.310
pecan,5,0.940,0.430
pious,5,0.940,0.500
prose,5,0.940,0.450
roped,5,0.940,0.510
savor,5,0.940,0.550
sheen,5,0.940,0.370
shunt,5,0.940,0.240
xerox,5,0.940,0.370
filet,5,0.940,0.460
angst,5,0.920,0.520
Aryan,5,0.920,0.350
binge,5,0.920,0.460
chime,5,0.920,0.450
Clair,5,0.920,0.240
coils,5,0.920,0.410
groan,5,0.920,0.480
gully,5,0.920,0.300
mogul,5,0.920,0.390
niche,5,0.920,0.450
rerun,5,0.920,0.500
rouse,5,0.920,0.480
soles,5,0.920,0.480
suave,5,0.920,0.440
CORSO,5,0.920,0.120
burro,5,0.900,0.190
gusto,5,0.900,0.430
proxy,5,0.900,0.430
stunk,5,0.900,0.510
swirl,5,0.900,0.510
taker,5,0.900,0.430
terra,5,0.900,0.300
toxin,5,0.900,0.300
OSAKA,5,0.900,0.290
pally,5,0.900,0.420
PRADO,5,0.900,0.080
SARAN,5,0.900,0.210
slobs,5,0.900,0.500
aired,5,0.880,0.500
broth,5,0.880,0.460
dined,5,0.880,0.490
dunes,5,0.880,0.310
evade,5,0.880,0.520
flaky,5,0.880,0.440
foyer,5,0.880,0.440
glaze,5,0.880,0.490
gumbo,5,0.880,0.360
harem,5,0.880,0.460
humid,5,0.880,0.450
lasso,5,0.880,0.410
leapt,5,0.880,0.510
mooch,5,0.880,0.310
ninny,5,0.880,0.460
paved,5,0.880,0.480
petal,5,0.880,0.300
polio,5,0.880,0.380
roost,5,0.880,0.380
wails,5,0.880,0.430
poppa,5,0.880,0.240
QUIRT,5,0.880,0.020
caste,5,0.860,0.230
cubic,5,0.860,0.490
doped,5,0.860,0.450
ebony,5,0.860,0.320
envoy,5,0.860,0.290
flung,5,0.860,0.460
kudos,5,0.860,0.480
laces,5,0.860,0.440
racks,5,0.860,0.420
rapes,5,0.860,0.390
recap,5,0.860,0.510
rugby,5,0.860,0.310
shire,5,0.860,0.210
slaps,5,0.860,0.450
toner,5,0.860,0.210
totem,5,0.860,0.320
upped,5,0.860,0.480
vigil,5,0.860,0.430
warms,5,0.860,0.510
yeast,5,0.860,0.450
JACKY,5,0.860,0.100
abbot,5,0.840,0.290
annex,5,0.840,0.350
atone,5,0.840,0.390
avail,5,0.840,0.500
clang,5,0.840,0.360
corns,5,0.840,0.350
fined,5,0.840,0.370
frock,5,0.840,0.430
getup,5,0.840,0.490
hooey,5,0.840,0.380
hooky,5,0.840,0.440
inept,5,0.840,0.420
Libya,5,0.840,0.410
lurch,5,0.840,0.350
memos,5,0.840,0.450
munch,5,0.840,0.430
onset,5,0.840,0.480
pinto,5,0.840,0.350
sappy,5,0.840,0.390
sleek,5,0.840,0.480
snout,5,0.840,0.440
splat,5,0.840,0.410
stubs,5,0.840,0.420
tweet,5,0.840,0.180
woozy,5,0.840,0.490
yodel,5,0.840,0.260
KRAFT,5,0.840,0.130
omens,5,0.840,0.250
puked,5,0.840,0.460
swabs,5,0.840,0.350
Wimpy,5,0.840,0.450
acids,5,0.820,0.390
arose,5,0.820,0.440
conga,5,0.820,0.270
crepe,5,0.820,0.380
dials,5,0.820,0.440
famed,5,0.820,0.450
glows,5,0.820,0.460
hanky,5,0.820,0.390
khaki,5,0.820,0.450
meats,5,0.820,0.390
mores,5,0.820,0.350
mousy,5,0.820,0.210
pixie,5,0.820,0.260
sable,5,0.820,0.250
shrew,5,0.820,0.330
skips,5,0.820,0.420
Sudan,5,0.820,0.260
unzip,5,0.820,0.460
widen,5,0.820,0.480
CAPPY,5,0.820,0.130
spilt,5,0.820,0.440
bores,5,0.800,0.490
bowed,5,0.800,0.450
douse,5,0.800,0.420
dozed,5,0.800,0.480
franc,5,0.800,0.320
heirs,5,0.800,0.440
prism,5,0.800,0.130
revel,5,0.800,0.450
saber,5,0.800,0.390
Saudi,5,0.800,0.310
smirk,5,0.800,0.430
tripe,5,0.800,0.330
voter,5,0.800,0.360
boned,5,0.800,0.430
cunts,5,0.800,0.410
kinks,5,0.800,0.420
moles,5,0.800,0.270
pawns,5,0.800,0.410
rooks,5,0.800,0.060
tamed,5,0.800,0.430
berth,5,0.780,0.370
ditty,5,0.780,0.320
duped,5,0.780,0.420
fines,5,0.780,0.360
gripe,5,0.780,0.320
herds,5,0.780,0.350
jaded,5,0.780,0.380
lofty,5,0.780,0.410
mimic,5,0.780,0.420
nappy,5,0.780,0.270
silky,5,0.780,0.380
taint,5,0.780,0.410
tongs,5,0.780,0.290
trite,5,0.780,0.420
tulip,5,0.780,0.310
twigs,5,0.780,0.380
uncut,5,0.780,0.360
GALEN,5,0.780,0.100
mikes,5,0.780,0.370
arbor,5,0.760,0.390
briar,5,0.760,0.290
combs,5,0.760,0.360
dally,5,0.760,0.190
drips,5,0.760,0.370
gavel,5,0.760,0.350
gooey,5,0.760,0.420
graze,5,0.760,0.430
jails,5,0.760,0.440
jihad,5,0.760,0.250
keyed,5,0.760,0.390
lilac,5,0.760,0.360
quilt,5,0.760,0.410
snare,5,0.760,0.370
spats,5,0.760,0.150
stank,5,0.760,0.440
whims,5,0.760,0.420
wield,5,0.760,0.350
BLANC,5,0.760,0.170
Akron,5,0.750,0.210
amend,5,0.750,0.430
amiss,5,0.750,0.410
binds,5,0.750,0.440
cabby,5,0.750,0.260
cited,5,0.750,0.430
colds,5,0.750,0.410
dazed,5,0.750,0.420
Degas,5,0.750,0.230
graph,5,0.750,0.380
gummy,5,0.750,0.240
ladle,5,0.750,0.320
leach,5,0.750,0.200
Lenin,5,0.750,0.320
lindy,5,0.750,0.320
mined,5,0.750,0.360
nymph,5,0.750,0.250
sigma,5,0.750,0.250
sneer,5,0.750,0.390
stint,5,0.750,0.440
clans,5,0.750,0.210
jeeps,5,0.750,0.380
limey,5,0.750,0.330
turds,5,0.750,0.390
WEBER,5,0.750,0.210
acorn,5,0.730,0.190
aloft,5,0.730,0.310
belch,5,0.730,0.390
cools,5,0.730,0.390
Delhi,5,0.730,0.260
excel,5,0.730,0.390
gases,5,0.730,0.410
mould,5,0.730,0.320
reels,5,0.730,0.310
revue,5,0.730,0.230
seedy,5,0.730,0.350
shard,5,0.730,0.130
swami,5,0.730,0.270
tabby,5,0.730,0.200
dicky,5,0.730,0.180
dorms,5,0.730,0.370
FACTO,5,0.730,0.420
homos,5,0.730,0.330
KRISS,5,0.730,0.070
NIOBE,5,0.730,0.040
skiff,5,0.730,0.190
spied,5,0.730,0.420
beady,5,0.710,0.330
crass,5,0.710,0.380
cushy,5,0.710,0.380
evict,5,0.710,0.420
gulch,5,0.710,0.200
mosey,5,0.710,0.320
mowed,5,0.710,0.390
nudes,5,0.710,0.320
ratty,5,0.710,0.320
ruddy,5,0.710,0.310
surly,5,0.710,0.410
vowel,5,0.710,0.290
kites,5,0.710,0.330
mamas,5,0.710,0.410
MERLE,5,0.710,0.150
nicks,5,0.710,0.270
scrip,5,0.710,0.200
SHIRL,5,0.710,0.120
thane,5,0.710,0.020
chins,5,0.690,0.370
circa,5,0.690,0.380
gouge,5,0.690,0.380
highs,5,0.690,0.370
Midas,5,0.690,0.210
peels,5,0.690,0.380
stirs,5,0.690,0.370
width,5,0.690,0.380
BARTH,5,0.690,0.080
batty,5,0.690,0.210
hacks,5,0.690,0.360
MILLE,5,0.690,0.150
troth,5,0.690,0.180
VICHY,5,0.690,0.170
align,5,0.670,0.360
credo,5,0.670,0.240
discs,5,0.670,0.310
exert,5,0.670,0.410
frees,5,0.670,0.360
fused,5,0.670,0.370
gutsy,5,0.670,0.360
harpy,5,0.670,0.240
repel,5,0.670,0.350
Rhine,5,0.670,0.210
smoky,5,0.670,0.360
tweak,5,0.670,0.360
vitro,5,0.670,0.210
xenon,5,0.670,0.070
mixes,5,0.670,0.380
VERDI,5,0.670,0.250
abode,5,0.650,0.370
adept,5,0.650,0.370
aided,5,0.650,0.370
aloof,5,0.650,0.330
cores,5,0.650,0.240
cults,5,0.650,0.260
denim,5,0.650,0.310
fryer,5,0.650,0.300
Kafka,5,0.650,0.300
loopy,5,0.650,0.320
lurid,5,0.650,0.380
motif,5,0.650,0.310
oomph,5,0.650,0.260
pence,5,0.650,0.250
Pygmy,5,0.650,0.320
sleet,5,0.650,0.360
tawny,5,0.650,0.190
texts,5,0.650,0.350
tipsy,5,0.650,0.330
vegan,5,0.650,0.270
verbs,5,0.650,0.320
belay,5,0.650,0.270
coley,5,0.650,0.110
fibre,5,0.650,0.270
LEVIN,5,0.650,0.180
adage,5,0.630,0.310
aides,5,0.630,0.330
anvil,5,0.630,0.290
bronc,5,0.630,0.180
clunk,5,0.630,0.310
fares,5,0.630,0.350
gnome,5,0.630,0.290
gunny,5,0.630,0.110
hertz,5,0.630,0.270
pudgy,5,0.630,0.260
sized,5,0.630,0.330
taunt,5,0.630,0.330
tibia,5,0.630,0.260
woven,5,0.630,0.370
fated,5,0.630,0.300
GROOT,5,0.630,0.050
LAUDE,5,0.630,0.360
peeps,5,0.630,0.290
visas,5,0.630,0.310
wasps,5,0.630,0.230
amino,5,0.610,0.260
bigot,5,0.610,0.330
cache,5,0.610,0.300
churn,5,0.610,0.360
coupe,5,0.610,0.260
dicey,5,0.610,0.320
dingy,5,0.610,0.300
grope,5,0.610,0.370
irate,5,0.610,0.360
kazoo,5,0.610,0.260
koala,5,0.610,0.170
lobes,5,0.610,0.300
lusty,5,0.610,0.310
murky,5,0.610,0.330
parka,5,0.610,0.260
pasty,5,0.610,0.350
rages,5,0.610,0.300
saver,5,0.610,0.370
scour,5,0.610,0.350
stony,5,0.610,0.210
swoon,5,0.610,0.310
tubby,5,0.610,0.240
vapor,5,0.610,0.310
chums,5,0.610,0.320
clots,5,0.610,0.320
covey,5,0.610,0.040
heats,5,0.610,0.330
kebab,5,0.610,0.250
seine,5,0.610,0.210
avert,5,0.590,0.320
chirp,5,0.590,0.180
cleft,5,0.590,0.320
coven,5,0.590,0.240
defer,5,0.590,0.320
diets,5,0.590,0.310
digit,5,0.590,0.320
forte,5,0.590,0.350
lurks,5,0.590,0.330
mucus,5,0.590,0.290
porky,5,0.590,0.260
resin,5,0.590,0.250
sexes,5,0.590,0.320
shone,5,0.590,0.320
skids,5,0.590,0.330
Syria,5,0.590,0.240
tolls,5,0.590,0.300
visor,5,0.590,0.290
wreak,5,0.590,0.360
briny,5,0.590,0.140
chews,5,0.590,0.330
NAGEL,5,0.590,0.080
toads,5,0.590,0.310
wilco,5,0.590,0.260
yawns,5,0.590,0.320
balmy,5,0.570,0.300
biter,5,0.570,0.310
brawn,5,0.570,0.270
cagey,5,0.570,0.300
focal,5,0.570,0.290
hinge,5,0.570,0.320
hoots,5,0.570,0.240
infer,5,0.570,0.270
lifer,5,0.570,0.200
Malta,5,0.570,0.120
oiled,5,0.570,0.310
ovens,5,0.570,0.300
piety,5,0.570,0.270
query,5,0.570,0.320
salve,5,0.570,0.240
samba,5,0.570,0.250
smite,5,0.570,0.290
Texan,5,0.570,0.300
twine,5,0.570,0.250
undue,5,0.570,0.320
weepy,5,0.570,0.320
whisk,5,0.570,0.350
wiper,5,0.570,0.260
ASTOR,5,0.570,0.190
canst,5,0.570,0.200
dopes,5,0.570,0.300
grids,5,0.570,0.230
raves,5,0.570,0.270
SALLE,5,0.570,0.100
satyr,5,0.570,0.060
deity,5,0.550,0.260
fuels,5,0.550,0.300
gruff,5,0.550,0.230
guise,5,0.550,0.320
Idaho,5,0.550,0.260
incur,5,0.550,0.330
jello,5,0.550,0.180
nodes,5,0.550,0.250
pinup,5,0.550,0.140
plush,5,0.550,0.320
Scots,5,0.550,0.230
slush,5,0.550,0.250
snide,5,0.550,0.300
tunic,5,0.550,0.140
vases,5,0.550,0.250
vices,5,0.550,0.300
hilts,5,0.550,0.020
limes,5,0.550,0.260
MEDEA,5,0.550,0.130
MYRON,5,0.550,0.180
ogres,5,0.550,0.130
plait,5,0.550,0.300
POSEY,5,0.550,0.020
savoy,5,0.550,0.210
sawed,5,0.550,0.300
silks,5,0.550,0.270
winks,5,0.550,0.320
amity,5,0.530,0.080
atoll,5,0.530,0.080
bakes,5,0.530,0.310
butte,5,0.530,0.190
clump,5,0.530,0.260
dawns,5,0.530,0.260
fauna,5,0.530,0.190
fugue,5,0.530,0.130
knoll,5,0.530,0.230
mauve,5,0.530,0.180
mince,5,0.530,0.310
nomad,5,0.530,0.130
palsy,5,0.530,0.240
papal,5,0.530,0.240
sieve,5,0.530,0.290
snarl,5,0.530,0.260
tepee,5,0.530,0.180
unwed,5,0.530,0.250
ducal,5,0.530,0.040
evens,5,0.530,0.300
mocks,5,0.530,0.310
pasha,5,0.530,0.040
pylon,5,0.530,0.050
techs,5,0.530,0.270
amuck,5,0.510,0.310
annul,5,0.510,0.250
bloat,5,0.510,0.200
bouts,5,0.510,0.290
bulky,5,0.510,0.300
clove,5,0.510,0.230
colic,5,0.510,0.250
colts,5,0.510,0.230
creak,5,0.510,0.250
dregs,5,0.510,0.290
eased,5,0.510,0.290
emcee,5,0.510,0.210
fairs,5,0.510,0.290
flops,5,0.510,0.260
grimy,5,0.510,0.290
heaps,5,0.510,0.270
kayak,5,0.510,0.130
levee,5,0.510,0.080
molar,5,0.510,0.250
outdo,5,0.510,0.310
ovary,5,0.510,0.150
prawn,5,0.510,0.170
Psalm,5,0.510,0.240
scowl,5,0.510,0.290
skeet,5,0.510,0.200
snobs,5,0.510,0.300
spool,5,0.510,0.210
truer,5,0.510,0.300
usage,5,0.510,0.310
waged,5,0.510,0.290
beefs,5,0.510,0.290
coons,5,0.510,0.120
dents,5,0.510,0.250
mutts,5,0.510,0.300
pubes,5,0.510,0.240
tacks,5,0.510,0.310
vamps,5,0.510,0.230
weeps,5,0.510,0.270
afire,5,0.490,0.290
brunt,5,0.490,0.290
bushy,5,0.490,0.260
cribs,5,0.490,0.290
dunce,5,0.490,0.290
Faust,5,0.490,0.110
hymen,5,0.490,0.190
jazzy,5,0.490,0.230
lager,5,0.490,0.150
lapel,5,0.490,0.290
miser,5,0.490,0.230
miter,5,0.490,0.070
musty,5,0.490,0.260
obese,5,0.490,0.290
quint,5,0.490,0.100
reefs,5,0.490,0.180
scone,5,0.490,0.260
smock,5,0.490,0.260
soapy,5,0.490,0.230
Virgo,5,0.490,0.200
bluer,5,0.490,0.210
CARNE,5,0.490,0.130
droll,5,0.490,0.260
fiver,5,0.490,0.240
hovel,5,0.490,0.290
phlox,5,0.490,0.110
ponce,5,0.490,0.250
rinds,5,0.490,0.250
shins,5,0.490,0.270
telex,5,0.490,0.190
wicks,5,0.490,0.100
adobe,5,0.470,0.170
aglow,5,0.470,0.250
cameo,5,0.470,0.260
clung,5,0.470,0.260
feats,5,0.470,0.240
fjord,5,0.470,0.070
gourd,5,0.470,0.250
haiku,5,0.470,0.240
idols,5,0.470,0.290
leafy,5,0.470,0.180
lends,5,0.470,0.290
lunge,5,0.470,0.190
plume,5,0.470,0.180
rotor,5,0.470,0.230
sired,5,0.470,0.260
skier,5,0.470,0.200
swank,5,0.470,0.250
vexed,5,0.470,0.260
whelp,5,0.470,0.140
yelps,5,0.470,0.230
BENET,5,0.470,0.040
fouls,5,0.470,0.200
hells,5,0.470,0.230
pinko,5,0.470,0.240
redid,5,0.470,0.260
SHISH,5,0.470,0.200
tucks,5,0.470,0.190
claps,5,0.450,0.180
feign,5,0.450,0.270
feint,5,0.450,0.200
gazed,5,0.450,0.230
grubs,5,0.450,0.180
gruel,5,0.450,0.200
hauls,5,0.450,0.210
hoard,5,0.450,0.110
Hydra,5,0.450,0.180
inlet,5,0.450,0.210
kiosk,5,0.450,0.170
manna,5,0.450,0.230
moped,5,0.450,0.200
mover,5,0.450,0.260
muses,5,0.450,0.130
nests,5,0.450,0.250
pivot,5,0.450,0.170
scuff,5,0.450,0.190
stabs,5,0.450,0.250
tamer,5,0.450,0.180
tarry,5,0.450,0.210
tiers,5,0.450,0.100
beryl,5,0.450,0.070
HAUTE,5,0.450,0.230
lures,5,0.450,0.260
odour,5,0.450,0.270
soars,5,0.450,0.200
spuds,5,0.450,0.210
algae,5,0.430,0.230
clack,5,0.430,0.110
cleat,5,0.430,0.130
crimp,5,0.430,0.230
crone,5,0.430,0.150
dived,5,0.430,0.250
divvy,5,0.430,0.250
Draco,5,0.430,0.070
drier,5,0.430,0.240
foray,5,0.430,0.230
fords,5,0.430,0.070
gassy,5,0.430,0.190
girth,5,0.430,0.240
hails,5,0.430,0.240
inane,5,0.430,0.250
joked,5,0.430,0.250
lanky,5,0.430,0.200
livid,5,0.430,0.250
mulch,5,0.430,0.180
obeys,5,0.430,0.250
pelts,5,0.430,0.130
slurp,5,0.430,0.180
waver,5,0.430,0.250
canes,5,0.430,0.240
chats,5,0.430,0.250
dodgy,5,0.430,0.230
humps,5,0.430,0.250
KOOKS,5,0.430,0.240
nobly,5,0.430,0.250
PLAYA,5,0.430,0.200
quips,5,0.430,0.250
roams,5,0.430,0.210
safes,5,0.430,0.180
WINOS,5,0.430,0.240
barns,5,0.410,0.250
bebop,5,0.410,0.140
brash,5,0.410,0.240
cased,5,0.410,0.240
downy,5,0.410,0.210
dusky,5,0.410,0.210
elude,5,0.410,0.240
gaudy,5,0.410,0.250
grime,5,0.410,0.240
junta,5,0.410,0.120
mails,5,0.410,0.230
mares,5,0.410,0.190
opted,5,0.410,0.250
ponds,5,0.410,0.140
ramps,5,0.410,0.150
ravel,5,0.410,0.180
scoff,5,0.410,0.240
shear,5,0.410,0.210
sheds,5,0.410,0.240
softy,5,0.410,0.240
solos,5,0.410,0.130
spiel,5,0.410,0.230
stoic,5,0.410,0.240
vigor,5,0.410,0.230
Argus,5,0.410,0.080
BONNE,5,0.410,0.190
burps,5,0.410,0.230
clogs,5,0.410,0.230
diced,5,0.410,0.250
harts,5,0.410,0.120
XENIA,5,0.410,0.050
agile,5,0.390,0.240
aptly,5,0.390,0.230
blare,5,0.390,0.190
conch,5,0.390,0.140
deter,5,0.390,0.240
erupt,5,0.390,0.240
fable,5,0.390,0.230
flees,5,0.390,0.200
forts,5,0.390,0.200
glade,5,0.390,0.230
guano,5,0.390,0.140
heady,5,0.390,0.210
huffy,5,0.390,0.210
looms,5,0.390,0.210
muted,5,0.390,0.210
nohow,5,0.390,0.210
Ouija,5,0.390,0.230
pithy,5,0.390,0.190
pleas,5,0.390,0.240
pokes,5,0.390,0.240
Priam,5,0.390,0.050
quirk,5,0.390,0.210
rajah,5,0.390,0.100
roomy,5,0.390,0.240
runes,5,0.390,0.140
shrug,5,0.390,0.200
slats,5,0.390,0.170
tryst,5,0.390,0.230
waken,5,0.390,0.200
avast,5,0.390,0.150
ENOCH,5,0.390,0.070
MODUS,5,0.390,0.180
mopes,5,0.390,0.120
mynah,5,0.390,0.100
catty,5,0.370,0.190
deary,5,0.370,0.150
ethyl,5,0.370,0.130
gaily,5,0.370,0.170
gecko,5,0.370,0.180
hiked,5,0.370,0.180
horsy,5,0.370,0.170
humph,5,0.370,0.180
jaunt,5,0.370,0.230
knave,5,0.370,0.170
knelt,5,0.370,0.230
Libra,5,0.370,0.180
mated,5,0.370,0.200
molds,5,0.370,0.200
oaths,5,0.370,0.200
plows,5,0.370,0.110
raged,5,0.370,0.210
raked,5,0.370,0.210
ritzy,5,0.370,0.200
slink,5,0.370,0.200
spans,5,0.370,0.190
spurt,5,0.370,0.210
squab,5,0.370,0.200
teats,5,0.370,0.150
veils,5,0.370,0.210
zippy,5,0.370,0.180
afore,5,0.370,0.120
BOYER,5,0.370,0.140
comer,5,0.370,0.200
ennui,5,0.370,0.110
FREYA,5,0.370,0.040
GIMPY,5,0.370,0.170
mites,5,0.370,0.170
salvo,5,0.370,0.170
SHOJI,5,0.370,0.060
temps,5,0.370,0.200
thins,5,0.370,0.210
twits,5,0.370,0.180
amply,5,0.350,0.210
aught,5,0.350,0.130
baste,5,0.350,0.180
beech,5,0.350,0.100
bidet,5,0.350,0.130
carat,5,0.350,0.190
chasm,5,0.350,0.180
freer,5,0.350,0.210
guppy,5,0.350,0.170
inert,5,0.350,0.200
inter,5,0.350,0.190
julep,5,0.350,0.140
kiddy,5,0.350,0.200
magma,5,0.350,0.140
meaty,5,0.350,0.210
riser,5,0.350,0.190
snipe,5,0.350,0.190
talky,5,0.350,0.140
tulle,5,0.350,0.130
waked,5,0.350,0.190
Yemen,5,0.350,0.080
zoned,5,0.350,0.200
bandy,5,0.350,0.190
bared,5,0.350,0.180
booed,5,0.350,0.150
dinar,5,0.350,0.170
eases,5,0.350,0.200
emits,5,0.350,0.210
honed,5,0.350,0.210
hosed,5,0.350,0.200
hunks,5,0.350,0.170
sabra,5,0.350,0.040
slurs,5,0.350,0.200
toned,5,0.350,0.190
Tonga,5,0.350,0.100
wands,5,0.350,0.170
allay,5,0.330,0.190
bison,5,0.330,0.120
burly,5,0.330,0.190
codex,5,0.330,0.080
crier,5,0.330,0.180
droop,5,0.330,0.190
druid,5,0.330,0.100
equip,5,0.330,0.190
Ghana,5,0.330,0.140
hikes,5,0.330,0.200
Khmer,5,0.330,0.110
Koran,5,0.330,0.140
locus,5,0.330,0.060
mamba,5,0.330,0.070
odors,5,0.330,0.140
pangs,5,0.330,0.200
pests,5,0.330,0.190
piers,5,0.330,0.180
poach,5,0.330,0.190
poser,5,0.330,0.180
quell,5,0.330,0.200
rivet,5,0.330,0.150
stave,5,0.330,0.180
tangy,5,0.330,0.170
trove,5,0.330,0.170
truss,5,0.330,0.150
Tudor,5,0.330,0.110
wares,5,0.330,0.200
warns,5,0.330,0.180
bally,5,0.330,0.180
brags,5,0.330,0.190
cline,5,0.330,0.130
didst,5,0.330,0.150
gored,5,0.330,0.140
loons,5,0.330,0.110
Malay,5,0.330,0.140
poops,5,0.330,0.180
pried,5,0.330,0.190
rears,5,0.330,0.200
TANNY,5,0.330,0.050
ached,5,0.310,0.190
awash,5,0.310,0.190
beefy,5,0.310,0.180
beget,5,0.310,0.140
bicep,5,0.310,0.150
botch,5,0.310,0.180
brine,5,0.310,0.140
cafes,5,0.310,0.180
capes,5,0.310,0.190
clank,5,0.310,0.140
coeds,5,0.310,0.180
comas,5,0.310,0.150
cower,5,0.310,0.190
cumin,5,0.310,0.130
glint,5,0.310,0.180
Hindi,5,0.310,0.140
jowls,5,0.310,0.130
lathe,5,0.310,0.100
modes,5,0.310,0.190
norms,5,0.310,0.130
rayon,5,0.310,0.170
scaly,5,0.310,0.170
serfs,5,0.310,0.120
silos,5,0.310,0.120
slung,5,0.310,0.170
sofas,5,0.310,0.180
tusks,5,0.310,0.130
wooed,5,0.310,0.150
yokel,5,0.310,0.150
ARABY,5,0.310,0.120
arses,5,0.310,0.170
beery,5,0.310,0.040
begat,5,0.310,0.080
deign,5,0.310,0.170
demos,5,0.310,0.150
edict,5,0.310,0.140
gammy,5,0.310,0.080
hocks,5,0.310,0.180
jammy,5,0.310,0.110
micks,5,0.310,0.140
mimes,5,0.310,0.140
monos,5,0.310,0.170
pukes,5,0.310,0.180
purer,5,0.310,0.180
reeds,5,0.310,0.190
scabs,5,0.310,0.170
souse,5,0.310,0.080
wilds,5,0.310,0.180
aback,5,0.290,0.180
azure,5,0.290,0.140
bough,5,0.290,0.130
broil,5,0.290,0.150
doily,5,0.290,0.150
dosed,5,0.290,0.110
evoke,5,0.290,0.180
forgo,5,0.290,0.180
galls,5,0.290,0.170
genus,5,0.290,0.180
godly,5,0.290,0.170
igloo,5,0.290,0.170
Lysol,5,0.290,0.170
mists,5,0.290,0.100
Popes,5,0.290,0.170
prong,5,0.290,0.080
rafts,5,0.290,0.150
retch,5,0.290,0.050
shied,5,0.290,0.180
showy,5,0.290,0.170
skulk,5,0.290,0.170
slits,5,0.290,0.120
venal,5,0.290,0.170
wafer,5,0.290,0.130
aspic,5,0.290,0.080
blobs,5,0.290,0.140
gayer,5,0.290,0.150
haves,5,0.290,0.140
nadir,5,0.290,0.050
proms,5,0.290,0.170
saith,5,0.290,0.170
slabs,5,0.290,0.180
TUNIS,5,0.290,0.110
weedy,5,0.290,0.070
Aries,5,0.270,0.080
askew,5,0.270,0.140
banal,5,0.270,0.130
beset,5,0.270,0.130
croup,5,0.270,0.130
delve,5,0.270,0.170
duels,5,0.270,0.140
dumpy,5,0.270,0.170
easel,5,0.270,0.170
ferns,5,0.270,0.130
foamy,5,0.270,0.140
gawky,5,0.270,0.170
Gouda,5,0.270,0.120
heron,5,0.270,0.150
hiker,5,0.270,0.110
larks,5,0.270,0.140
lymph,5,0.270,0.140
melee,5,0.270,0.170
overt,5,0.270,0.150
paced,5,0.270,0.170
passe,5,0.270,0.150
pecks,5,0.270,0.140
pinks,5,0.270,0.130
ripen,5,0.270,0.150
rowed,5,0.270,0.150
scald,5,0.270,0.170
shill,5,0.270,0.130
shrub,5,0.270,0.150
umber,5,0.270,0.130
unify,5,0.270,0.170
vying,5,0.270,0.170
yucca,5,0.270,0.110
Zaire,5,0.270,0.040
divot,5,0.270,0.040
fared,5,0.270,0.150
gnats,5,0.270,0.130
harms,5,0.270,0.170
icons,5,0.270,0.170
jinks,5,0.270,0.150
kikes,5,0.270,0.120
knell,5,0.270,0.150
metre,5,0.270,0.120
prods,5,0.270,0.130
SCALA,5,0.270,0.140
skied,5,0.270,0.140
tykes,5,0.270,0.140
vapid,5,0.270,0.130
wrung,5,0.270,0.170
blurb,5,0.250,0.060
bower,5,0.250,0.100
chafe,5,0.250,0.140
chomp,5,0.250,0.140
dogma,5,0.250,0.130
facet,5,0.250,0.150
gamut,5,0.250,0.150
Gauss,5,0.250,0.080
grins,5,0.250,0.150
guava,5,0.250,0.130
gulps,5,0.250,0.150
Haydn,5,0.250,0.100
inlay,5,0.250,0.140
jetty,5,0.250,0.140
larva,5,0.250,0.130
myrrh,5,0.250,0.130
nouns,5,0.250,0.130
Pacer,5,0.250,0.110
piped,5,0.250,0.140
pique,5,0.250,0.140
polyp,5,0.250,0.130
sects,5,0.250,0.120
seers,5,0.250,0.120
shirk,5,0.250,0.120
shorn,5,0.250,0.100
shuck,5,0.250,0.140
singe,5,0.250,0.140
skimp,5,0.250,0.140
smote,5,0.250,0.120
spake,5,0.250,0.140
twill,5,0.250,0.120
undid,5,0.250,0.140
welts,5,0.250,0.120
beaks,5,0.250,0.140
becks,5,0.250,0.080
cabal,5,0.250,0.130
dices,5,0.250,0.080
funks,5,0.250,0.040
gated,5,0.250,0.150
maser,5,0.250,0.050
mired,5,0.250,0.150
paler,5,0.250,0.130
preys,5,0.250,0.140
quads,5,0.250,0.130
reals,5,0.250,0.100
reeve,5,0.250,0.040
REMUS,5,0.250,0.050
sitar,5,0.250,0.150
spelt,5,0.250,0.120
tubed,5,0.250,0.150
VOLTA,5,0.250,0.070
abhor,5,0.240,0.140
bairn,5,0.240,0.020
barbs,5,0.240,0.140
brows,5,0.240,0.130
cadre,5,0.240,0.140
croon,5,0.240,0.110
dimly,5,0.240,0.140
domes,5,0.240,0.110
dowdy,5,0.240,0.130
duvet,5,0.240,0.110
hoofs,5,0.240,0.080
idiom,5,0.240,0.110
lulls,5,0.240,0.130
macaw,5,0.240,0.060
mains,5,0.240,0.130
natty,5,0.240,0.080
neigh,5,0.240,0.080
refit,5,0.240,0.100
sages,5,0.240,0.080
scant,5,0.240,0.120
scion,5,0.240,0.020
snags,5,0.240,0.130
spoof,5,0.240,0.140
sprig,5,0.240,0.120
strum,5,0.240,0.140
tepid,5,0.240,0.120
throb,5,0.240,0.130
tilts,5,0.240,0.120
verve,5,0.240,0.110
wince,5,0.240,0.110
babel,5,0.240,0.130
boars,5,0.240,0.080
caber,5,0.240,0.020
COBLE,5,0.240,0.010
COOCH,5,0.240,0.120
durst,5,0.240,0.120
earls,5,0.240,0.130
GRATA,5,0.240,0.140
harps,5,0.240,0.140
kneed,5,0.240,0.110
outed,5,0.240,0.120
pikes,5,0.240,0.110
pings,5,0.240,0.100
purrs,5,0.240,0.140
RABAT,5,0.240,0.050
scads,5,0.240,0.130
sprat,5,0.240,0.050
surer,5,0.240,0.130
swain,5,0.240,0.100
tutus,5,0.240,0.110
wight,5,0.240,0.130
afoul,5,0.220,0.120
auger,5,0.220,0.070
canny,5,0.220,0.110
carob,5,0.220,0.120
corks,5,0.220,0.130
egged,5,0.220,0.130
ember,5,0.220,0.110
endow,5,0.220,0.110
exude,5,0.220,0.130
fille,5,0.220,0.080
fizzy,5,0.220,0.120
gonad,5,0.220,0.020
gusts,5,0.220,0.130
henna,5,0.220,0.100
lolly,5,0.220,0.130
lusts,5,0.220,0.130
mirth,5,0.220,0.130
pales,5,0.220,0.130
quash,5,0.220,0.110
spiky,5,0.220,0.120
spurn,5,0.220,0.100
swath,5,0.220,0.130
toady,5,0.220,0.070
udder,5,0.220,0.130
veers,5,0.220,0.100
waded,5,0.220,0.120
wormy,5,0.220,0.130
auras,5,0.220,0.080
bails,5,0.220,0.130
beano,5,0.220,0.080
booms,5,0.220,0.120
calla,5,0.220,0.080
chaff,5,0.220,0.130
coked,5,0.220,0.130
dikes,5,0.220,0.110
HAGUE,5,0.220,0.110
hobos,5,0.220,0.130
ILEUM,5,0.220,0.080
mange,5,0.220,0.110
METED,5,0.220,0.130
slays,5,0.220,0.120
treed,5,0.220,0.080
tunny,5,0.220,0.040
whist,5,0.220,0.110
WISED,5,0.220,0.130
aster,5,0.200,0.050
biped,5,0.200,0.110
bodes,5,0.200,0.100
buoys,5,0.200,0.100
debug,5,0.200,0.100
dulls,5,0.200,0.120
edged,5,0.200,0.120
ensue,5,0.200,0.110
exalt,5,0.200,0.120
froth,5,0.200,0.110
isles,5,0.200,0.070
leggy,5,0.200,0.120
nooks,5,0.200,0.120
pilaf,5,0.200,0.080
Pinta,5,0.200,0.080
rarer,5,0.200,0.100
reams,5,0.200,0.100
rosin,5,0.200,0.100
saner,5,0.200,0.120
shoal,5,0.200,0.070
sided,5,0.200,0.120
sloop,5,0.200,0.100
sulky,5,0.200,0.120
taxed,5,0.200,0.120
thyme,5,0.200,0.100
tinge,5,0.200,0.100
ARGOS,5,0.200,0.010
corse,5,0.200,0.050
deems,5,0.200,0.120
Delft,5,0.200,0.040
edits,5,0.200,0.120
FIRMA,5,0.200,0.100
flout,5,0.200,0.100
frets,5,0.200,0.110
GIBBY,5,0.200,0.050
Goths,5,0.200,0.050
gurus,5,0.200,0.110
lamas,5,0.200,0.080
LETCH,5,0.200,0.080
liane,5,0.200,0.040
oozes,5,0.200,0.110
panto,5,0.200,0.040
Papua,5,0.200,0.040
pater,5,0.200,0.070
pawed,5,0.200,0.120
peons,5,0.200,0.040
rakes,5,0.200,0.110
rants,5,0.200,0.110
ricks,5,0.200,0.020
riffs,5,0.200,0.070
runts,5,0.200,0.120
RUSSE,5,0.200,0.110
semis,5,0.200,0.110
sleds,5,0.200,0.120
snoot,5,0.200,0.120
soaks,5,0.200,0.120
spate,5,0.200,0.100
tabor,5,0.200,0.040
tansy,5,0.200,0.040
TOSCA,5,0.200,0.080
Trots,5,0.200,0.110
Vesta,5,0.200,0.040
argon,5,0.180,0.080
ashen,5,0.180,0.040
bales,5,0.180,0.080
bawdy,5,0.180,0.100
caked,5,0.180,0.110
chock,5,0.180,0.110
crony,5,0.180,0.080
cubed,5,0.180,0.070
curio,5,0.180,0.110
dales,5,0.180,0.080
dines,5,0.180,0.110
dirge,5,0.180,0.100
duets,5,0.180,0.080
enact,5,0.180,0.110
feral,5,0.180,0.080
flail,5,0.180,0.110
fungi,5,0.180,0.070
knead,5,0.180,0.060
leger,5,0.180,0.020
lemur,5,0.180,0.080
maize,5,0.180,0.080
milks,5,0.180,0.100
mucky,5,0.180,0.070
muzak,5,0.180,0.100
peeve,5,0.180,0.080
puree,5,0.180,0.110
sabre,5,0.180,0.080
shale,5,0.180,0.080
taper,5,0.180,0.110
thuds,5,0.180,0.110
tizzy,5,0.180,0.110
tuner,5,0.180,0.110
usurp,5,0.180,0.110
yarns,5,0.180,0.100
arras,5,0.180,0.050
baits,5,0.180,0.060
barmy,5,0.180,0.070
belie,5,0.180,0.060
Boche,5,0.180,0.070
brays,5,0.180,0.070
dagos,5,0.180,0.110
dishy,5,0.180,0.100
gales,5,0.180,0.110
Gauls,5,0.180,0.050
huffs,5,0.180,0.110
hulls,5,0.180,0.110
JAGER,5,0.180,0.060
jests,5,0.180,0.110
lofts,5,0.180,0.080
malts,5,0.180,0.110
NATCH,5,0.180,0.080
numbs,5,0.180,0.080
obeah,5,0.180,0.040
offal,5,0.180,0.100
pacts,5,0.180,0.100
ruder,5,0.180,0.100
SACRE,5,0.180,0.110
SERRA,5,0.180,0.050
sills,5,0.180,0.070
uvula,5,0.180,0.070
addle,5,0.160,0.010
adorn,5,0.160,0.100
allot,5,0.160,0.020
anode,5,0.160,0.020
assay,5,0.160,0.080
blots,5,0.160,0.080
boron,5,0.160,0.060
casks,5,0.160,0.060
debit,5,0.160,0.080
domed,5,0.160,0.050
elfin,5,0.160,0.050
feuds,5,0.160,0.100
flume,5,0.160,0.040
gaunt,5,0.160,0.100
jeers,5,0.160,0.100
junks,5,0.160,0.070
lisle,5,0.160,0.040
masts,5,0.160,0.100
mealy,5,0.160,0.070
minks,5,0.160,0.080
nervy,5,0.160,0.100
rearm,5,0.160,0.070
rebut,5,0.160,0.100
rondo,5,0.160,0.040
shyly,5,0.160,0.100
soils,5,0.160,0.080
sours,5,0.160,0.080
terse,5,0.160,0.070
Tiber,5,0.160,0.060
tufts,5,0.160,0.060
twang,5,0.160,0.080
weeny,5,0.160,0.100
wordy,5,0.160,0.100
arias,5,0.160,0.100
boozy,5,0.160,0.100
brews,5,0.160,0.080
cuppa,5,0.160,0.070
dunks,5,0.160,0.100
firth,5,0.160,0.050
flyby,5,0.160,0.050
foots,5,0.160,0.070
fowls,5,0.160,0.050
Gabon,5,0.160,0.040
gipsy,5,0.160,0.020
glens,5,0.160,0.060
glues,5,0.160,0.080
gongs,5,0.160,0.070
GRAFF,5,0.160,0.070
haver,5,0.160,0.060
inked,5,0.160,0.070
Ionic,5,0.160,0.080
ketch,5,0.160,0.040
KIANG,5,0.160,0.010
knits,5,0.160,0.100
MONDE,5,0.160,0.100
nears,5,0.160,0.100
nixed,5,0.160,0.070
papas,5,0.160,0.080
payer,5,0.160,0.100
peeks,5,0.160,0.100
poofs,5,0.160,0.080
PORTO,5,0.160,0.070
pucks,5,0.160,0.080
seeps,5,0.160,0.100
slops,5,0.160,0.070
spoor,5,0.160,0.080
squib,5,0.160,0.070
strop,5,0.160,0.070
thaws,5,0.160,0.100
wroth,5,0.160,0.070
yolks,5,0.160,0.070
ardor,5,0.140,0.080
axial,5,0.140,0.080
axiom,5,0.140,0.080
baser,5,0.140,0.070
buffs,5,0.140,0.070
byway,5,0.140,0.060
clods,5,0.140,0.080
couth,5,0.140,0.070
cysts,5,0.140,0.070
dells,5,0.140,0.020
epoch,5,0.140,0.070
epsom,5,0.140,0.080
erred,5,0.140,0.080
ethos,5,0.140,0.060
finis,5,0.140,0.050
fleck,5,0.140,0.050
frump,5,0.140,0.070
grads,5,0.140,0.080
gushy,5,0.140,0.070
gyros,5,0.140,0.070
halve,5,0.140,0.060
Islam,5,0.140,0.050
Levis,5,0.140,0.050
musky,5,0.140,0.080
plied,5,0.140,0.080
reedy,5,0.140,0.050
sinew,5,0.140,0.080
spiny,5,0.140,0.070
spore,5,0.140,0.070
stews,5,0.140,0.080
tacit,5,0.140,0.070
tines,5,0.140,0.060
altos,5,0.140,0.060
abeam,5,0.140,0.050
banns,5,0.140,0.070
begot,5,0.140,0.060
bight,5,0.140,0.060
canto,5,0.140,0.050
CHIBA,5,0.140,0.050
chows,5,0.140,0.070
curst,5,0.140,0.040
darky,5,0.140,0.060
enrol,5,0.140,0.080
fazed,5,0.140,0.060
fetid,5,0.140,0.080
filch,5,0.140,0.040
gnaws,5,0.140,0.080
goofs,5,0.140,0.070
hypos,5,0.140,0.080
idler,5,0.140,0.040
KIOWA,5,0.140,0.040
kiwis,5,0.140,0.060
larch,5,0.140,0.060
locum,5,0.140,0.050
lupin,5,0.140,0.040
Maori,5,0.140,0.070
maths,5,0.140,0.080
okays,5,0.140,0.080
parky,5,0.140,0.040
plunk,5,0.140,0.080
remit,5,0.140,0.060
skint,5,0.140,0.050
sowed,5,0.140,0.080
stuns,5,0.140,0.080
sways,5,0.140,0.080
toffs,5,0.140,0.060
togas,5,0.140,0.070
trams,5,0.140,0.020
tuxes,5,0.140,0.080
wafts,5,0.140,0.070
wonky,5,0.140,0.080
affix,5,0.120,0.070
bleat,5,0.120,0.070
boors,5,0.120,0.070
bylaw,5,0.120,0.050
cheep,5,0.120,0.040
clime,5,0.120,0.070
divan,5,0.120,0.070
doers,5,0.120,0.060
erode,5,0.120,0.060
furor,5,0.120,0.060
opine,5,0.120,0.070
pails,5,0.120,0.070
parse,5,0.120,0.060
posit,5,0.120,0.060
primp,5,0.120,0.040
pupal,5,0.120,0.050
reuse,5,0.120,0.050
sexed,5,0.120,0.060
shuns,5,0.120,0.060
slosh,5,0.120,0.060
snips,5,0.120,0.070
snook,5,0.120,0.020
sulks,5,0.120,0.070
tenet,5,0.120,0.060
thrum,5,0.120,0.010
tress,5,0.120,0.070
trill,5,0.120,0.040
vocab,5,0.120,0.070
vulva,5,0.120,0.050
waned,5,0.120,0.070
waxen,5,0.120,0.040
wisps,5,0.120,0.070
wrest,5,0.120,0.070
alack,5,0.120,0.070
balsa,5,0.120,0.070
Bantu,5,0.120,0.040
BASSO,5,0.120,0.070
beaux,5,0.120,0.060
bests,5,0.120,0.070
BREST,5,0.120,0.050
burgh,5,0.120,0.020
caned,5,0.120,0.060
Celts,5,0.120,0.060
CHIEN,5,0.120,0.040
chits,5,0.120,0.050
civet,5,0.120,0.050
cowed,5,0.120,0.060
dolts,5,0.120,0.070
fells,5,0.120,0.070
foils,5,0.120,0.070
fosse,5,0.120,0.050
greys,5,0.120,0.060
HERRY,5,0.120,0.010
HILUM,5,0.120,0.050
hotly,5,0.120,0.070
ILIAC,5,0.120,0.060
keels,5,0.120,0.070
lexis,5,0.120,0.060
liana,5,0.120,0.010
LIEUT,5,0.120,0.020
lucre,5,0.120,0.070
magus,5,0.120,0.040
maxis,5,0.120,0.050
mends,5,0.120,0.050
MERCE,5,0.120,0.010
oiler,5,0.120,0.060
overs,5,0.120,0.060
PEEPY,5,0.120,0.020
piton,5,0.120,0.050
podgy,5,0.120,0.060
PORGY,5,0.120,0.070
PORTA,5,0.120,0.060
raved,5,0.120,0.050
razed,5,0.120,0.070
rungs,5,0.120,0.070
scuds,5,0.120,0.040
seamy,5,0.120,0.060
sedge,5,0.120,0.060
SITUS,5,0.120,0.040
slunk,5,0.120,0.050
soppy,5,0.120,0.070
surfs,5,0.120,0.070
THULE,5,0.120,0.040
toils,5,0.120,0.070
trice,5,0.120,0.060
trier,5,0.120,0.070
wanes,5,0.120,0.040
waxes,5,0.120,0.070
welds,5,0.120,0.050
abate,5,0.100,0.040
amble,5,0.100,0.060
annum,5,0.100,0.060
blest,5,0.100,0.060
blips,5,0.100,0.060
borax,5,0.100,0.040
buxom,5,0.100,0.060
chard,5,0.100,0.060
chide,5,0.100,0.050
cites,5,0.100,0.050
curbs,5,0.100,0.060
Dumas,5,0.100,0.050
dwelt,5,0.100,0.060
floes,5,0.100,0.060
foams,5,0.100,0.060
gazes,5,0.100,0.060
glace,5,0.100,0.040
gnash,5,0.100,0.050
grist,5,0.100,0.060
gusty,5,0.100,0.060
halos,5,0.100,0.060
Iraqi,5,0.100,0.050
loath,5,0.100,0.060
lucks,5,0.100,0.050
muggy,5,0.100,0.060
Mylar,5,0.100,0.050
natal,5,0.100,0.050
ogled,5,0.100,0.060
robed,5,0.100,0.060
shams,5,0.100,0.060
skein,5,0.100,0.020
skits,5,0.100,0.060
sooty,5,0.100,0.050
spire,5,0.100,0.060
stags,5,0.100,0.060
swash,5,0.100,0.040
tints,5,0.100,0.010
trawl,5,0.100,0.060
usury,5,0.100,0.040
vexes,5,0.100,0.060
voids,5,0.100,0.060
whigs,5,0.100,0.040
wispy,5,0.100,0.060
wrack,5,0.100,0.050
ABBAS,5,0.100,0.020
achoo,5,0.100,0.050
aegis,5,0.100,0.050
alder,5,0.100,0.060
batik,5,0.100,0.020
boggy,5,0.100,0.050
braes,5,0.100,0.040
CAMPO,5,0.100,0.050
clave,5,0.100,0.020
conks,5,0.100,0.060
coped,5,0.100,0.060
CRUMP,5,0.100,0.040
damns,5,0.100,0.060
DRURY,5,0.100,0.050
duchy,5,0.100,0.050
eaves,5,0.100,0.060
GONNE,5,0.100,0.040
gorse,5,0.100,0.020
haply,5,0.100,0.040
helms,5,0.100,0.050
hexes,5,0.100,0.050
hurls,5,0.100,0.060
jakes,5,0.100,0.050
jawed,5,0.100,0.050
jemmy,5,0.100,0.020
JINNY,5,0.100,0.050
jolts,5,0.100,0.060
kyrie,5,0.100,0.020
litre,5,0.100,0.050
lutes,5,0.100,0.050
mayst,5,0.100,0.050
mazes,5,0.100,0.050
mimed,5,0.100,0.050
NEHRU,5,0.100,0.060
opals,5,0.100,0.060
Orlon,5,0.100,0.060
pined,5,0.100,0.040
plash,5,0.100,0.020
popsy,5,0.100,0.010
pouts,5,0.100,0.060
pshaw,5,0.100,0.060
putts,5,0.100,0.060
riles,5,0.100,0.060
rumps,5,0.100,0.060
sated,5,0.100,0.060
scrum,5,0.100,0.040
sower,5,0.100,0.050
tangs,5,0.100,0.020
tills,5,0.100,0.050
vanes,5,0.100,0.040
whang,5,0.100,0.060
yogis,5,0.100,0.040
yoked,5,0.100,0.050
antic,5,0.080,0.050
aphid,5,0.080,0.040
aural,5,0.080,0.050
autos,5,0.080,0.050
bevel,5,0.080,0.010
coups,5,0.080,0.050
curds,5,0.080,0.050
doled,5,0.080,0.050
drawl,5,0.080,0.050
ducat,5,0.080,0.040
dusts,5,0.080,0.050
embed,5,0.080,0.050
fawns,5,0.080,0.050
filmy,5,0.080,0.040
Finns,5,0.080,0.050
folio,5,0.080,0.010
lairs,5,0.080,0.050
liens,5,0.080,0.050
limps,5,0.080,0.040
mused,5,0.080,0.050
oozed,5,0.080,0.050
splay,5,0.080,0.050
sumac,5,0.080,0.050
tomes,5,0.080,0.050
trims,5,0.080,0.050
warty,5,0.080,0.040
AVANT,5,0.080,0.050
bated,5,0.080,0.040
bawls,5,0.080,0.050
blabs,5,0.080,0.050
Boers,5,0.080,0.020
cacti,5,0.080,0.050
capon,5,0.080,0.020
certs,5,0.080,0.020
chine,5,0.080,0.050
COMBE,5,0.080,0.010
copra,5,0.080,0.050
creel,5,0.080,0.010
czars,5,0.080,0.050
dacha,5,0.080,0.010
dogie,5,0.080,0.040
dozes,5,0.080,0.050
dross,5,0.080,0.040
ECOLE,5,0.080,0.040
fakir,5,0.080,0.050
fazes,5,0.080,0.040
finks,5,0.080,0.050
fount,5,0.080,0.050
grans,5,0.080,0.010
hexed,5,0.080,0.050
huger,5,0.080,0.050
irked,5,0.080,0.050
JIBES,5,0.080,0.040
jingo,5,0.080,0.050
louts,5,0.080,0.050
mesas,5,0.080,0.050
mucks,5,0.080,0.040
mutes,5,0.080,0.050
oakum,5,0.080,0.040
papaw,5,0.080,0.010
pries,5,0.080,0.050
pukka,5,0.080,0.040
Qatar,5,0.080,0.050
quaff,5,0.080,0.050
raver,5,0.080,0.040
reaps,5,0.080,0.050
rheum,5,0.080,0.040
rifts,5,0.080,0.050
rimes,5,0.080,0.050
rusts,5,0.080,0.050
SELLE,5,0.080,0.010
shags,5,0.080,0.050
shyer,5,0.080,0.040
sibyl,5,0.080,0.020
slags,5,0.080,0.040
SPEER,5,0.080,0.040
swaps,5,0.080,0.040
swats,5,0.080,0.050
swigs,5,0.080,0.050
talus,5,0.080,0.050
Tamil,5,0.080,0.010
tapir,5,0.080,0.010
terns,5,0.080,0.040
tiffs,5,0.080,0.040
tiler,5,0.080,0.020
toque,5,0.080,0.020
totes,5,0.080,0.050
treks,5,0.080,0.050
turfs,5,0.080,0.020
tyros,5,0.080,0.020
wades,5,0.080,0.050
wools,5,0.080,0.050
wurst,5,0.080,0.040
WYNNE,5,0.080,0.010
abase,5,0.060,0.040
amass,5,0.060,0.040
axles,5,0.060,0.040
bruin,5,0.060,0.010
burrs,5,0.060,0.040
conic,5,0.060,0.040
coyly,5,0.060,0.040
deans,5,0.060,0.040
dooms,5,0.060,0.040
dowel,5,0.060,0.020
edify,5,0.060,0.040
emote,5,0.060,0.040
epics,5,0.060,0.040
fogey,5,0.060,0.020
gazer,5,0.060,0.020
gibes,5,0.060,0.040
groat,5,0.060,0.020
halts,5,0.060,0.020
humus,5,0.060,0.020
impel,5,0.060,0.040
joist,5,0.060,0.020
kilts,5,0.060,0.040
lipid,5,0.060,0.040
lumen,5,0.060,0.040
marts,5,0.060,0.020
mezzo,5,0.060,0.020
paean,5,0.060,0.040
paled,5,0.060,0.040
panes,5,0.060,0.040
pleat,5,0.060,0.040
pored,5,0.060,0.040
preen,5,0.060,0.040
pulpy,5,0.060,0.020
Punic,5,0.060,0.020
repot,5,0.060,0.040
Samoa,5,0.060,0.040
saute,5,0.060,0.040
scull,5,0.060,0.040
sepia,5,0.060,0.040
servo,5,0.060,0.040
slake,5,0.060,0.040
staid,5,0.060,0.020
sudsy,5,0.060,0.040
tonal,5,0.060,0.040
trike,5,0.060,0.040
tuber,5,0.060,0.040
whorl,5,0.060,0.040
zooms,5,0.060,0.040
Afros,5,0.060,0.040
anise,5,0.060,0.040
annas,5,0.060,0.040
apace,5,0.060,0.040
aphis,5,0.060,0.010
arced,5,0.060,0.040
axing,5,0.060,0.040
bares,5,0.060,0.040
betas,5,0.060,0.040
biked,5,0.060,0.040
BOSCH,5,0.060,0.040
cairn,5,0.060,0.020
canna,5,0.060,0.040
clews,5,0.060,0.010
drams,5,0.060,0.040
duffs,5,0.060,0.040
elegy,5,0.060,0.040
faery,5,0.060,0.020
fasts,5,0.060,0.040
FORMA,5,0.060,0.040
foxed,5,0.060,0.040
gluey,5,0.060,0.040
hadji,5,0.060,0.010
hares,5,0.060,0.040
hinds,5,0.060,0.040
homed,5,0.060,0.040
husks,5,0.060,0.040
jives,5,0.060,0.040
lamer,5,0.060,0.040
lames,5,0.060,0.040
leafs,5,0.060,0.040
leeks,5,0.060,0.040
LULLY,5,0.060,0.010
miaow,5,0.060,0.040
middy,5,0.060,0.010
moats,5,0.060,0.040
muzzy,5,0.060,0.040
newel,5,0.060,0.020
nonce,5,0.060,0.040
nosed,5,0.060,0.040
orlop,5,0.060,0.010
phial,5,0.060,0.020
pipal,5,0.060,0.010
plies,5,0.060,0.040
plonk,5,0.060,0.040
plops,5,0.060,0.040
pumas,5,0.060,0.020
quids,5,0.060,0.040
quiff,5,0.060,0.020
riper,5,0.060,0.040
rowel,5,0.060,0.010
sagas,5,0.060,0.020
sifts,5,0.060,0.020
Sikhs,5,0.060,0.040
sited,5,0.060,0.040
skirl,5,0.060,0.020
snood,5,0.060,0.040
sorer,5,0.060,0.040
Spode,5,0.060,0.020
stele,5,0.060,0.010
TABAC,5,0.060,0.020
tatty,5,0.060,0.040
tenon,5,0.060,0.020
tings,5,0.060,0.040
torts,5,0.060,0.040
touts,5,0.060,0.040
tsars,5,0.060,0.040
twats,5,0.060,0.040
waifs,5,0.060,0.040
warps,5,0.060,0.040
vales,5,0.060,0.020
VELDT,5,0.060,0.040
wolfs,5,0.060,0.040
wombs,5,0.060,0.040
XYLEM,5,0.060,0.010
acrid,5,0.040,0.020
appal,5,0.040,0.020
borer,5,0.040,0.010
bulgy,5,0.040,0.020
cilia,5,0.040,0.020
coves,5,0.040,0.020
daunt,5,0.040,0.020
dowse,5,0.040,0.020
dully,5,0.040,0.020
egret,5,0.040,0.020
extol,5,0.040,0.020
frizz,5,0.040,0.010
frond,5,0.040,0.010
fumed,5,0.040,0.020
glean,5,0.040,0.020
hoagy,5,0.040,0.020
hulks,5,0.040,0.020
idyll,5,0.040,0.020
ingot,5,0.040,0.020
lithe,5,0.040,0.020
manes,5,0.040,0.020
miler,5,0.040,0.020
mitre,5,0.040,0.010
moony,5,0.040,0.020
mossy,5,0.040,0.020
oaken,5,0.040,0.020
orate,5,0.040,0.020
parch,5,0.040,0.020
peaky,5,0.040,0.020
peony,5,0.040,0.020
plasm,5,0.040,0.010
qualm,5,0.040,0.010
recur,5,0.040,0.020
roved,5,0.040,0.020
runic,5,0.040,0.020
rupee,5,0.040,0.010
scrag,5,0.040,0.020
sheaf,5,0.040,0.020
shies,5,0.040,0.020
stilt,5,0.040,0.020
strew,5,0.040,0.020
teems,5,0.040,0.020
tiled,5,0.040,0.020
tinny,5,0.040,0.020
writs,5,0.040,0.020
wryly,5,0.040,0.020
abaft,5,0.040,0.010
agate,5,0.040,0.010
agave,5,0.040,0.020
ailed,5,0.040,0.020
antes,5,0.040,0.020
ASSAM,5,0.040,0.020
bawds,5,0.040,0.010
Benin,5,0.040,0.020
BERNE,5,0.040,0.020
blocs,5,0.040,0.020
blurs,5,0.040,0.020
boles,5,0.040,0.010
bourn,5,0.040,0.020
brims,5,0.040,0.020
burgs,5,0.040,0.020
busby,5,0.040,0.020
carps,5,0.040,0.020
ceded,5,0.040,0.020
choky,5,0.040,0.020
chugs,5,0.040,0.020
CLAYS,5,0.040,0.020
CONTE,5,0.040,0.020
cotes,5,0.040,0.020
cubit,5,0.040,0.020
culls,5,0.040,0.010
daubs,5,0.040,0.020
dodos,5,0.040,0.020
doles,5,0.040,0.020
DORIA,5,0.040,0.020
drear,5,0.040,0.020
ebbed,5,0.040,0.020
eider,5,0.040,0.020
emend,5,0.040,0.010
ester,5,0.040,0.020
expos,5,0.040,0.020
fauns,5,0.040,0.020
fetes,5,0.040,0.010
fifes,5,0.040,0.020
fonts,5,0.040,0.020
FRISE,5,0.040,0.010
gaffe,5,0.040,0.020
galas,5,0.040,0.010
ghats,5,0.040,0.020
golfs,5,0.040,0.020
gores,5,0.040,0.020
hawed,5,0.040,0.020
hazed,5,0.040,0.020
hewed,5,0.040,0.020
HILAR,5,0.040,0.020
HOUGH,5,0.040,0.020
hulas,5,0.040,0.020
infra,5,0.040,0.020
kapok,5,0.040,0.020
kolas,5,0.040,0.010
lades,5,0.040,0.020
lamed,5,0.040,0.020
lauds,5,0.040,0.010
leant,5,0.040,0.020
lento,5,0.040,0.010
LIBER,5,0.040,0.010
loafs,5,0.040,0.020
maces,5,0.040,0.020
manse,5,0.040,0.020
mauls,5,0.040,0.020
meads,5,0.040,0.020
meson,5,0.040,0.020
minim,5,0.040,0.020
minis,5,0.040,0.020
MINOT,5,0.040,0.020
MONIC,5,0.040,0.020
muffs,5,0.040,0.020
naiad,5,0.040,0.020
Negus,5,0.040,0.010
newsy,5,0.040,0.020
NOLLE,5,0.040,0.010
oboes,5,0.040,0.020
odder,5,0.040,0.020
oinks,5,0.040,0.020
ovoid,5,0.040,0.020
palmy,5,0.040,0.020
paras,5,0.040,0.020
pared,5,0.040,0.020
paves,5,0.040,0.020
perms,5,0.040,0.020
PERSE,5,0.040,0.020
pieta,5,0.040,0.020
plods,5,0.040,0.020
pommy,5,0.040,0.020
preps,5,0.040,0.020
prigs,5,0.040,0.020
profs,5,0.040,0.020
prole,5,0.040,0.010
pupae,5,0.040,0.020
pupas,5,0.040,0.020
putti,5,0.040,0.010
pyres,5,0.040,0.020
rends,5,0.040,0.020
reran,5,0.040,0.020
ruing,5,0.040,0.020
sates,5,0.040,0.020
scats,5,0.040,0.020
scree,5,0.040,0.020
sepoy,5,0.040,0.020
sisal,5,0.040,0.010
slims,5,0.040,0.020
snaky,5,0.040,0.020
snubs,5,0.040,0.020
spars,5,0.040,0.020
spews,5,0.040,0.020
stagy,5,0.040,0.020
Strad,5,0.040,0.020
swags,5,0.040,0.020
tames,5,0.040,0.020
TECUM,5,0.040,0.010
TITRE,5,0.040,0.010
tonne,5,0.040,0.020
trios,5,0.040,0.020
tubas,5,0.040,0.020
UNSEE,5,0.040,0.020
unsex,5,0.040,0.020
valse,5,0.040,0.020
voile,5,0.040,0.020
washy,5,0.040,0.020
whelk,5,0.040,0.020
whets,5,0.040,0.020
wilts,5,0.040,0.020
yawls,5,0.040,0.020
yeses,5,0.040,0.010
zloty,5,0.040,0.010
aloes,5,0.020,0.010
anion,5,0.020,0.010
balks,5,0.020,0.010
bards,5,0.020,0.010
blase,5,0.020,0.010
boric,5,0.020,0.010
bulks,5,0.020,0.010
cooky,5,0.020,0.010
coops,5,0.020,0.010
copes,5,0.020,0.010
crags,5,0.020,0.010
deeps,5,0.020,0.010
deify,5,0.020,0.010
Doric,5,0.020,0.010
dower,5,0.020,0.010
dryad,5,0.020,0.010
eared,5,0.020,0.010
foals,5,0.020,0.010
fusty,5,0.020,0.010
gages,5,0.020,0.010
gauzy,5,0.020,0.010
hoary,5,0.020,0.010
idled,5,0.020,0.010
Iliad,5,0.020,0.010
inset,5,0.020,0.010
inure,5,0.020,0.010
ivies,5,0.020,0.010
jolty,5,0.020,0.010
joule,5,0.020,0.010
lemma,5,0.020,0.010
letup,5,0.020,0.010
lobar,5,0.020,0.010
mewed,5,0.020,0.010
moire,5,0.020,0.010
mooed,5,0.020,0.010
morel,5,0.020,0.010
octet,5,0.020,0.010
outgo,5,0.020,0.010
owlet,5,0.020,0.010
phyla,5,0.020,0.010
Pyrex,5,0.020,0.010
radii,5,0.020,0.010
rasps,5,0.020,0.010
rower,5,0.020,0.010
serif,5,0.020,0.010
Slavs,5,0.020,0.010
snick,5,0.020,0.010
tithe,5,0.020,0.010
uncap,5,0.020,0.010
upend,5,0.020,0.010
wader,5,0.020,0.010
abler,5,0.020,0.010
aeons,5,0.020,0.010
aggro,5,0.020,0.010
agora,5,0.020,0.010
anted,5,0.020,0.010
aping,5,0.020,0.010
apish,5,0.020,0.010
argot,5,0.020,0.010
ASSAI,5,0.020,0.010
astir,5,0.020,0.010
attar,5,0.020,0.010
augur,5,0.020,0.010
baccy,5,0.020,0.010
balms,5,0.020,0.010
barer,5,0.020,0.010
BARRE,5,0.020,0.010
bergs,5,0.020,0.010
betel,5,0.020,0.010
bilks,5,0.020,0.010
blowy,5,0.020,0.010
bocks,5,0.020,0.010
BORAK,5,0.020,0.010
breve,5,0.020,0.010
bused,5,0.020,0.010
cadge,5,0.020,0.010
CALIF,5,0.020,0.010
carpi,5,0.020,0.010
CAVIN,5,0.020,0.010
chocs,5,0.020,0.010
chubs,5,0.020,0.010
churl,5,0.020,0.010
coign,5,0.020,0.010
cooed,5,0.020,0.010
coots,5,0.020,0.010
cored,5,0.020,0.010
corgi,5,0.020,0.010
coxes,5,0.020,0.010
COZEN,5,0.020,0.010
crape,5,0.020,0.010
cress,5,0.020,0.010
cruet,5,0.020,0.010
curia,5,0.020,0.010
cusps,5,0.020,0.010
DAMAS,5,0.020,0.010
darns,5,0.020,0.010
demur,5,0.020,0.010
dhows,5,0.020,0.010
dirks,5,0.020,0.010
djinn,5,0.020,0.010
doges,5,0.020,0.010
DOUCE,5,0.020,0.010
doyen,5,0.020,0.010
drats,5,0.020,0.010
dupes,5,0.020,0.010
eclat,5,0.020,0.010
effed,5,0.020,0.010
eland,5,0.020,0.010
eyrie,5,0.020,0.010
facer,5,0.020,0.010
FAMES,5,0.020,0.010
feted,5,0.020,0.010
FICHE,5,0.020,0.010
fitly,5,0.020,0.010
flans,5,0.020,0.010
frill,5,0.020,0.010
FRIST,5,0.020,0.010
furze,5,0.020,0.010
gaits,5,0.020,0.010
gamed,5,0.020,0.010
gapes,5,0.020,0.010
garbs,5,0.020,0.010
gauds,5,0.020,0.010
gawks,5,0.020,0.010
genii,5,0.020,0.010
gluts,5,0.020,0.010
gouty,5,0.020,0.010
gulfs,5,0.020,0.010
HABLE,5,0.020,0.010
HONAN,5,0.020,0.010
hones,5,0.020,0.010
HYNDE,5,0.020,0.010
iambs,5,0.020,0.010
icily,5,0.020,0.010
idles,5,0.020,0.010
imams,5,0.020,0.010
jived,5,0.020,0.010
jowly,5,0.020,0.010
KEBOB,5,0.020,0.010
keens,5,0.020,0.010
kirks,5,0.020,0.010
kraal,5,0.020,0.010
krone,5,0.020,0.010
lakhs,5,0.020,0.010
lards,5,0.020,0.010
lazed,5,0.020,0.010
leers,5,0.020,0.010
LIGNE,5,0.020,0.010
lilts,5,0.020,0.010
limed,5,0.020,0.010
lings,5,0.020,0.010
liras,5,0.020,0.010
lisps,5,0.020,0.010
lolls,5,0.020,0.010
loots,5,0.020,0.010
lopes,5,0.020,0.010
lough,5,0.020,0.010
luges,5,0.020,0.010
lumme,5,0.020,0.010
MATSU,5,0.020,0.010
METIS,5,0.020,0.010
midis,5,0.020,0.010
milch,5,0.020,0.010
MISSA,5,0.020,0.010
MOISE,5,0.020,0.010
molls,5,0.020,0.010
motes,5,0.020,0.010
motet,5,0.020,0.010
MUSTS,5,0.020,0.010
nabob,5,0.020,0.010
naira,5,0.020,0.010
narky,5,0.020,0.010
nitre,5,0.020,0.010
nodal,5,0.020,0.010
NOIRE,5,0.020,0.010
novae,5,0.020,0.010
orals,5,0.020,0.010
orris,5,0.020,0.010
ousts,5,0.020,0.010
pares,5,0.020,0.010
PARTI,5,0.020,0.010
peaty,5,0.020,0.010
pekoe,5,0.020,0.010
PENNA,5,0.020,0.010
PERLE,5,0.020,0.010
plebs,5,0.020,0.010
ploys,5,0.020,0.010
pocks,5,0.020,0.010
polys,5,0.020,0.010
pongs,5,0.020,0.010
prats,5,0.020,0.010
PREXY,5,0.020,0.010
prosy,5,0.020,0.010
pulps,5,0.020,0.010
punts,5,0.020,0.010
quire,5,0.020,0.010
quoit,5,0.020,0.010
rands,5,0.020,0.010
recce,5,0.020,0.010
rejig,5,0.020,0.010
rills,5,0.020,0.010
rinks,5,0.020,0.010
rived,5,0.020,0.010
riven,5,0.020,0.010
rives,5,0.020,0.010
ropey,5,0.020,0.010
routs,5,0.020,0.010
roves,5,0.020,0.010
rucks,5,0.020,0.010
ruffs,5,0.020,0.010
RUMEN,5,0.020,0.010
sadhu,5,0.020,0.010
saris,5,0.020,0.010
saxes,5,0.020,0.010
schwa,5,0.020,0.010
scows,5,0.020,0.010
scurf,5,0.020,0.010
senna,5,0.020,0.010
shoos,5,0.020,0.010
sines,5,0.020,0.010
sires,5,0.020,0.010
skims,5,0.020,0.010
skive,5,0.020,0.010
slews,5,0.020,0.010
slogs,5,0.020,0.010
slyer,5,0.020,0.010
slyly,5,0.020,0.010
SNEAD,5,0.020,0.010
snogs,5,0.020,0.010
snugs,5,0.020,0.010
SOFAR,5,0.020,0.010
sprit,5,0.020,0.010
stoat,5,0.020,0.010
stoup,5,0.020,0.010
stows,5,0.020,0.010
synod,5,0.020,0.010
tares,5,0.020,0.010
tench,5,0.020,0.010
therm,5,0.020,0.010
Tokay,5,0.020,0.010
toper,5,0.020,0.010
topes,5,0.020,0.010
topis,5,0.020,0.010
toted,5,0.020,0.010
tunas,5,0.020,0.010
ulnae,5,0.020,0.010
unman,5,0.020,0.010
unsay,5,0.020,0.010
velum,5,0.020,0.010
verso,5,0.020,0.010
viler,5,0.020,0.010
whirr,5,0.020,0.010
whops,5,0.020,0.010
whoso,5,0.020,0.010
wides,5,0.020,0.010
wooer,5,0.020,0.010
wrens,5,0.020,0.010
yobbo,5,0.020,0.010
yokes,5,0.020,0.010
yowls,5,0.020,0.010
ZEISS,5,0.020,0.010
ZENDO,5,0.020,0.010
zonal,5,0.020,0.010